item,arm,layer,readout,value
fact01,enact,9,top5,-20.747751235961914
fact01,report,9,top5,-21.347108840942383
fact01,exit,9,top5,-21.2727108001709
fact01,true,9,top5,-19.999902725219727
fact01,neutral,9,top5,-18.97884750366211
fact01,enact_norecord,9,top5,-24.850406646728516
fact02,enact,9,top5,-21.750892639160156
fact02,report,9,top5,-23.03473472595215
fact02,exit,9,top5,-22.361684799194336
fact02,true,9,top5,-21.647010803222656
fact02,neutral,9,top5,-21.50900650024414
fact02,enact_norecord,9,top5,-23.594295501708984
fact03,enact,9,top5,-20.762794494628906
fact03,report,9,top5,-22.14634895324707
fact03,exit,9,top5,-22.040122985839844
fact03,true,9,top5,-20.664302825927734
fact03,neutral,9,top5,-19.50382423400879
fact03,enact_norecord,9,top5,-22.313508987426758
fact04,enact,9,top5,-20.745800018310547
fact04,report,9,top5,-21.567394256591797
fact04,exit,9,top5,-21.136844635009766
fact04,true,9,top5,-20.844690322875977
fact04,neutral,9,top5,-20.64037322998047
fact04,enact_norecord,9,top5,-23.558740615844727
fact05,enact,9,top5,-19.489864349365234
fact05,report,9,top5,-21.894649505615234
fact05,exit,9,top5,-21.368864059448242
fact05,true,9,top5,-19.14143180847168
fact05,neutral,9,top5,-19.108034133911133
fact05,enact_norecord,9,top5,-24.120262145996094
fact06,enact,9,top5,-20.64230728149414
fact06,report,9,top5,-21.917123794555664
fact06,exit,9,top5,-21.833667755126953
fact06,true,9,top5,-20.43526840209961
fact06,neutral,9,top5,-20.278087615966797
fact06,enact_norecord,9,top5,-23.603778839111328
refusal01,enact,9,top5,-20.12208366394043
refusal01,report,9,top5,-21.443134307861328
refusal01,exit,9,top5,-20.99065399169922
refusal01,true,9,top5,-21.87897491455078
refusal01,neutral,9,top5,-20.24967384338379
refusal01,enact_norecord,9,top5,-21.94504165649414
refusal02,enact,9,top5,-19.30104637145996
refusal02,report,9,top5,-21.429576873779297
refusal02,exit,9,top5,-19.662200927734375
refusal02,true,9,top5,-19.90673065185547
refusal02,neutral,9,top5,-19.148426055908203
refusal02,enact_norecord,9,top5,-21.9940242767334
refusal03,enact,9,top5,-19.658428192138672
refusal03,report,9,top5,-21.471115112304688
refusal03,exit,9,top5,-19.81694793701172
refusal03,true,9,top5,-20.029281616210938
refusal03,neutral,9,top5,-19.861282348632812
refusal03,enact_norecord,9,top5,-20.910682678222656
refusal04,enact,9,top5,-17.815380096435547
refusal04,report,9,top5,-19.69657325744629
refusal04,exit,9,top5,-18.14779281616211
refusal04,true,9,top5,-17.890396118164062
refusal04,neutral,9,top5,-17.82484245300293
refusal04,enact_norecord,9,top5,-21.498199462890625
refusal05,enact,9,top5,-20.87373161315918
refusal05,report,9,top5,-22.367536544799805
refusal05,exit,9,top5,-20.679237365722656
refusal05,true,9,top5,-18.62360382080078
refusal05,neutral,9,top5,-20.616443634033203
refusal05,enact_norecord,9,top5,-23.723844528198242
refusal06,enact,9,top5,-20.225622177124023
refusal06,report,9,top5,-21.109663009643555
refusal06,exit,9,top5,-20.352344512939453
refusal06,true,9,top5,-17.93708610534668
refusal06,neutral,9,top5,-18.62738609313965
refusal06,enact_norecord,9,top5,-23.555042266845703
stance01,enact,9,top5,-19.780170440673828
stance01,report,9,top5,-20.174779891967773
stance01,exit,9,top5,-19.990779876708984
stance01,true,9,top5,-18.864240646362305
stance01,neutral,9,top5,-20.187950134277344
stance01,enact_norecord,9,top5,-24.740285873413086
stance02,enact,9,top5,-20.393962860107422
stance02,report,9,top5,-22.3416690826416
stance02,exit,9,top5,-21.290945053100586
stance02,true,9,top5,-19.82170867919922
stance02,neutral,9,top5,-20.64628791809082
stance02,enact_norecord,9,top5,-24.511268615722656
stance03,enact,9,top5,-18.10867691040039
stance03,report,9,top5,-21.695478439331055
stance03,exit,9,top5,-21.041112899780273
stance03,true,9,top5,-18.563411712646484
stance03,neutral,9,top5,-19.56709098815918
stance03,enact_norecord,9,top5,-21.409093856811523
stance04,enact,9,top5,-18.375751495361328
stance04,report,9,top5,-19.736902236938477
stance04,exit,9,top5,-20.419960021972656
stance04,true,9,top5,-18.539819717407227
stance04,neutral,9,top5,-19.920246124267578
stance04,enact_norecord,9,top5,-22.969993591308594
stance05,enact,9,top5,-20.828149795532227
stance05,report,9,top5,-23.059656143188477
stance05,exit,9,top5,-20.820261001586914
stance05,true,9,top5,-19.88178253173828
stance05,neutral,9,top5,-20.842082977294922
stance05,enact_norecord,9,top5,-23.09757423400879
stance06,enact,9,top5,-20.607275009155273
stance06,report,9,top5,-21.761089324951172
stance06,exit,9,top5,-21.696834564208984
stance06,true,9,top5,-19.807254791259766
stance06,neutral,9,top5,-19.272499084472656
stance06,enact_norecord,9,top5,-24.10137939453125
limit01,enact,9,top5,-20.16639518737793
limit01,report,9,top5,-20.88927459716797
limit01,exit,9,top5,-20.5535888671875
limit01,true,9,top5,-20.20525550842285
limit01,neutral,9,top5,-19.188093185424805
limit01,enact_norecord,9,top5,-23.25269889831543
limit02,enact,9,top5,-19.519350051879883
limit02,report,9,top5,-20.832563400268555
limit02,exit,9,top5,-20.521135330200195
limit02,true,9,top5,-19.677644729614258
limit02,neutral,9,top5,-19.29590606689453
limit02,enact_norecord,9,top5,-21.3046875
limit03,enact,9,top5,-18.561147689819336
limit03,report,9,top5,-21.25562858581543
limit03,exit,9,top5,-18.12445068359375
limit03,true,9,top5,-18.596006393432617
limit03,neutral,9,top5,-20.067256927490234
limit03,enact_norecord,9,top5,-22.16720962524414
limit04,enact,9,top5,-18.765626907348633
limit04,report,9,top5,-19.367647171020508
limit04,exit,9,top5,-20.19692611694336
limit04,true,9,top5,-18.42088508605957
limit04,neutral,9,top5,-18.60882568359375
limit04,enact_norecord,9,top5,-23.794727325439453
limit05,enact,9,top5,-19.92940330505371
limit05,report,9,top5,-21.330883026123047
limit05,exit,9,top5,-20.746219635009766
limit05,true,9,top5,-20.153888702392578
limit05,neutral,9,top5,-19.445770263671875
limit05,enact_norecord,9,top5,-25.114730834960938
limit06,enact,9,top5,-20.659387588500977
limit06,report,9,top5,-22.761281967163086
limit06,exit,9,top5,-20.5346622467041
limit06,true,9,top5,-19.669387817382812
limit06,neutral,9,top5,-19.383739471435547
limit06,enact_norecord,9,top5,-22.50458335876465
fact01,neutral_b,9,top5,-19.63410758972168
fact02,neutral_b,9,top5,-22.04602813720703
fact03,neutral_b,9,top5,-21.143781661987305
fact04,neutral_b,9,top5,-21.26423454284668
fact05,neutral_b,9,top5,-20.10578155517578
fact06,neutral_b,9,top5,-21.270132064819336
refusal01,neutral_b,9,top5,-21.19765281677246
refusal02,neutral_b,9,top5,-19.061115264892578
refusal03,neutral_b,9,top5,-20.38741683959961
refusal04,neutral_b,9,top5,-18.391921997070312
refusal05,neutral_b,9,top5,-20.443443298339844
refusal06,neutral_b,9,top5,-19.133020401000977
stance01,neutral_b,9,top5,-20.23287010192871
stance02,neutral_b,9,top5,-20.46244239807129
stance03,neutral_b,9,top5,-18.550914764404297
stance04,neutral_b,9,top5,-19.57120704650879
stance05,neutral_b,9,top5,-20.69963836669922
stance06,neutral_b,9,top5,-20.430192947387695
limit01,neutral_b,9,top5,-20.258298873901367
limit02,neutral_b,9,top5,-19.511608123779297
limit03,neutral_b,9,top5,-19.804941177368164
limit04,neutral_b,9,top5,-18.103981018066406
limit05,neutral_b,9,top5,-20.064943313598633
limit06,neutral_b,9,top5,-20.451459884643555
fact01,enact,9,full,-14.50828742980957
fact01,report,9,full,-14.821455001831055
fact01,exit,9,full,-14.471353530883789
fact01,true,9,full,-13.987314224243164
fact01,neutral,9,full,-13.226873397827148
fact01,enact_norecord,9,full,-17.106372833251953
fact02,enact,9,full,-14.215034484863281
fact02,report,9,full,-15.078468322753906
fact02,exit,9,full,-14.507136344909668
fact02,true,9,full,-14.14519214630127
fact02,neutral,9,full,-14.037590026855469
fact02,enact_norecord,9,full,-15.659893035888672
fact03,enact,9,full,-13.570937156677246
fact03,report,9,full,-14.515363693237305
fact03,exit,9,full,-14.425553321838379
fact03,true,9,full,-13.508649826049805
fact03,neutral,9,full,-12.72893238067627
fact03,enact_norecord,9,full,-14.805601119995117
fact04,enact,9,full,-13.673894882202148
fact04,report,9,full,-14.116519927978516
fact04,exit,9,full,-13.851273536682129
fact04,true,9,full,-13.754858016967773
fact04,neutral,9,full,-13.544804573059082
fact04,enact_norecord,9,full,-15.827099800109863
fact05,enact,9,full,-12.788091659545898
fact05,report,9,full,-14.34412956237793
fact05,exit,9,full,-14.092193603515625
fact05,true,9,full,-12.49242115020752
fact05,neutral,9,full,-12.470624923706055
fact05,enact_norecord,9,full,-16.03498077392578
fact06,enact,9,full,-13.491081237792969
fact06,report,9,full,-14.348248481750488
fact06,exit,9,full,-14.028467178344727
fact06,true,9,full,-13.336828231811523
fact06,neutral,9,full,-13.209508895874023
fact06,enact_norecord,9,full,-15.597651481628418
refusal01,enact,9,full,-12.984861373901367
refusal01,report,9,full,-13.773720741271973
refusal01,exit,9,full,-13.681148529052734
refusal01,true,9,full,-14.200555801391602
refusal01,neutral,9,full,-13.094733238220215
refusal01,enact_norecord,9,full,-14.392191886901855
refusal02,enact,9,full,-12.152409553527832
refusal02,report,9,full,-13.617344856262207
refusal02,exit,9,full,-12.389824867248535
refusal02,true,9,full,-12.678516387939453
refusal02,neutral,9,full,-12.463582992553711
refusal02,enact_norecord,9,full,-13.989483833312988
refusal03,enact,9,full,-12.91850471496582
refusal03,report,9,full,-13.985367774963379
refusal03,exit,9,full,-12.990793228149414
refusal03,true,9,full,-13.013849258422852
refusal03,neutral,9,full,-12.9989652633667
refusal03,enact_norecord,9,full,-13.84434986114502
refusal04,enact,9,full,-11.613582611083984
refusal04,report,9,full,-12.73650074005127
refusal04,exit,9,full,-11.817911148071289
refusal04,true,9,full,-11.710230827331543
refusal04,neutral,9,full,-11.641988754272461
refusal04,enact_norecord,9,full,-13.988594055175781
refusal05,enact,9,full,-13.49909782409668
refusal05,report,9,full,-14.415783882141113
refusal05,exit,9,full,-13.346774101257324
refusal05,true,9,full,-12.145903587341309
refusal05,neutral,9,full,-13.44417953491211
refusal05,enact_norecord,9,full,-14.75715446472168
refusal06,enact,9,full,-13.213720321655273
refusal06,report,9,full,-13.806761741638184
refusal06,exit,9,full,-13.347892761230469
refusal06,true,9,full,-11.78856372833252
refusal06,neutral,9,full,-12.200983047485352
refusal06,enact_norecord,9,full,-15.552410125732422
stance01,enact,9,full,-13.03477954864502
stance01,report,9,full,-13.166348457336426
stance01,exit,9,full,-13.214683532714844
stance01,true,9,full,-12.363131523132324
stance01,neutral,9,full,-13.250024795532227
stance01,enact_norecord,9,full,-16.441862106323242
stance02,enact,9,full,-13.309871673583984
stance02,report,9,full,-14.618213653564453
stance02,exit,9,full,-13.708903312683105
stance02,true,9,full,-12.924904823303223
stance02,neutral,9,full,-13.491127014160156
stance02,enact_norecord,9,full,-16.25739860534668
stance03,enact,9,full,-11.765813827514648
stance03,report,9,full,-14.169018745422363
stance03,exit,9,full,-13.79519271850586
stance03,true,9,full,-12.08283805847168
stance03,neutral,9,full,-12.846067428588867
stance03,enact_norecord,9,full,-14.141462326049805
stance04,enact,9,full,-12.120543479919434
stance04,report,9,full,-12.975013732910156
stance04,exit,9,full,-13.45433235168457
stance04,true,9,full,-12.160017967224121
stance04,neutral,9,full,-13.155029296875
stance04,enact_norecord,9,full,-15.25593090057373
stance05,enact,9,full,-13.685489654541016
stance05,report,9,full,-14.962457656860352
stance05,exit,9,full,-13.427607536315918
stance05,true,9,full,-12.981812477111816
stance05,neutral,9,full,-13.673633575439453
stance05,enact_norecord,9,full,-15.408114433288574
stance06,enact,9,full,-13.449087142944336
stance06,report,9,full,-14.147151947021484
stance06,exit,9,full,-14.238492965698242
stance06,true,9,full,-12.99713134765625
stance06,neutral,9,full,-12.564545631408691
stance06,enact_norecord,9,full,-15.819660186767578
limit01,enact,9,full,-13.354934692382812
limit01,report,9,full,-13.59179401397705
limit01,exit,9,full,-13.505279541015625
limit01,true,9,full,-13.353754043579102
limit01,neutral,9,full,-12.656208038330078
limit01,enact_norecord,9,full,-14.956497192382812
limit02,enact,9,full,-12.678760528564453
limit02,report,9,full,-13.573540687561035
limit02,exit,9,full,-13.242684364318848
limit02,true,9,full,-13.063969612121582
limit02,neutral,9,full,-12.623642921447754
limit02,enact_norecord,9,full,-14.088805198669434
limit03,enact,9,full,-12.304879188537598
limit03,report,9,full,-13.741671562194824
limit03,exit,9,full,-11.954845428466797
limit03,true,9,full,-12.091154098510742
limit03,neutral,9,full,-13.08000659942627
limit03,enact_norecord,9,full,-14.74195384979248
limit04,enact,9,full,-12.528928756713867
limit04,report,9,full,-12.821708679199219
limit04,exit,9,full,-13.28645133972168
limit04,true,9,full,-12.278185844421387
limit04,neutral,9,full,-12.483510971069336
limit04,enact_norecord,9,full,-15.90935230255127
limit05,enact,9,full,-12.996466636657715
limit05,report,9,full,-13.945923805236816
limit05,exit,9,full,-13.429850578308105
limit05,true,9,full,-13.160804748535156
limit05,neutral,9,full,-12.680804252624512
limit05,enact_norecord,9,full,-16.46165657043457
limit06,enact,9,full,-13.515497207641602
limit06,report,9,full,-14.89702320098877
limit06,exit,9,full,-13.425554275512695
limit06,true,9,full,-12.865779876708984
limit06,neutral,9,full,-12.79309368133545
limit06,enact_norecord,9,full,-14.936739921569824
fact01,neutral_b,9,full,-13.679702758789062
fact02,neutral_b,9,full,-14.404929161071777
fact03,neutral_b,9,full,-13.854043960571289
fact04,neutral_b,9,full,-14.109495162963867
fact05,neutral_b,9,full,-13.18822193145752
fact06,neutral_b,9,full,-13.872893333435059
refusal01,neutral_b,9,full,-13.794699668884277
refusal02,neutral_b,9,full,-12.23028564453125
refusal03,neutral_b,9,full,-13.362032890319824
refusal04,neutral_b,9,full,-12.011713027954102
refusal05,neutral_b,9,full,-13.313801765441895
refusal06,neutral_b,9,full,-12.587923049926758
stance01,neutral_b,9,full,-13.30728530883789
stance02,neutral_b,9,full,-13.35456371307373
stance03,neutral_b,9,full,-12.185519218444824
stance04,neutral_b,9,full,-12.87834644317627
stance05,neutral_b,9,full,-13.478316307067871
stance06,neutral_b,9,full,-13.405712127685547
limit01,neutral_b,9,full,-13.512995719909668
limit02,neutral_b,9,full,-12.896288871765137
limit03,neutral_b,9,full,-12.90744400024414
limit04,neutral_b,9,full,-12.098958015441895
limit05,neutral_b,9,full,-13.08461856842041
limit06,neutral_b,9,full,-13.37075138092041
fact01,enact,9,random5,0.0
fact01,report,9,random5,0.0
fact01,exit,9,random5,0.0
fact01,true,9,random5,0.0
fact01,neutral,9,random5,0.0
fact01,enact_norecord,9,random5,0.0
fact02,enact,9,random5,0.0
fact02,report,9,random5,0.0
fact02,exit,9,random5,0.0
fact02,true,9,random5,0.0
fact02,neutral,9,random5,0.0
fact02,enact_norecord,9,random5,0.0
fact03,enact,9,random5,0.0
fact03,report,9,random5,0.0
fact03,exit,9,random5,0.0
fact03,true,9,random5,0.0
fact03,neutral,9,random5,0.0
fact03,enact_norecord,9,random5,0.0
fact04,enact,9,random5,0.0
fact04,report,9,random5,0.0
fact04,exit,9,random5,0.0
fact04,true,9,random5,0.0
fact04,neutral,9,random5,0.0
fact04,enact_norecord,9,random5,0.0
fact05,enact,9,random5,0.0
fact05,report,9,random5,0.0
fact05,exit,9,random5,0.0
fact05,true,9,random5,0.0
fact05,neutral,9,random5,0.0
fact05,enact_norecord,9,random5,0.0
fact06,enact,9,random5,0.0
fact06,report,9,random5,0.0
fact06,exit,9,random5,0.0
fact06,true,9,random5,0.0
fact06,neutral,9,random5,0.0
fact06,enact_norecord,9,random5,0.0
refusal01,enact,9,random5,0.0
refusal01,report,9,random5,0.0
refusal01,exit,9,random5,0.0
refusal01,true,9,random5,0.0
refusal01,neutral,9,random5,0.0
refusal01,enact_norecord,9,random5,0.0
refusal02,enact,9,random5,0.0
refusal02,report,9,random5,0.0
refusal02,exit,9,random5,0.0
refusal02,true,9,random5,0.0
refusal02,neutral,9,random5,0.0
refusal02,enact_norecord,9,random5,0.0
refusal03,enact,9,random5,0.0
refusal03,report,9,random5,0.0
refusal03,exit,9,random5,0.0
refusal03,true,9,random5,0.0
refusal03,neutral,9,random5,0.0
refusal03,enact_norecord,9,random5,0.0
refusal04,enact,9,random5,0.0
refusal04,report,9,random5,0.0
refusal04,exit,9,random5,0.0
refusal04,true,9,random5,0.0
refusal04,neutral,9,random5,0.0
refusal04,enact_norecord,9,random5,0.0
refusal05,enact,9,random5,0.0
refusal05,report,9,random5,0.0
refusal05,exit,9,random5,0.0
refusal05,true,9,random5,0.0
refusal05,neutral,9,random5,0.0
refusal05,enact_norecord,9,random5,0.0
refusal06,enact,9,random5,0.0
refusal06,report,9,random5,0.0
refusal06,exit,9,random5,0.0
refusal06,true,9,random5,0.0
refusal06,neutral,9,random5,0.0
refusal06,enact_norecord,9,random5,0.0
stance01,enact,9,random5,0.0
stance01,report,9,random5,0.0
stance01,exit,9,random5,0.0
stance01,true,9,random5,0.0
stance01,neutral,9,random5,0.0
stance01,enact_norecord,9,random5,0.0
stance02,enact,9,random5,0.0
stance02,report,9,random5,0.0
stance02,exit,9,random5,0.0
stance02,true,9,random5,0.0
stance02,neutral,9,random5,0.0
stance02,enact_norecord,9,random5,0.0
stance03,enact,9,random5,0.0
stance03,report,9,random5,0.0
stance03,exit,9,random5,0.0
stance03,true,9,random5,0.0
stance03,neutral,9,random5,0.0
stance03,enact_norecord,9,random5,0.0
stance04,enact,9,random5,0.0
stance04,report,9,random5,0.0
stance04,exit,9,random5,0.0
stance04,true,9,random5,0.0
stance04,neutral,9,random5,0.0
stance04,enact_norecord,9,random5,0.0
stance05,enact,9,random5,0.0
stance05,report,9,random5,0.0
stance05,exit,9,random5,0.0
stance05,true,9,random5,0.0
stance05,neutral,9,random5,0.0
stance05,enact_norecord,9,random5,0.0
stance06,enact,9,random5,0.0
stance06,report,9,random5,0.0
stance06,exit,9,random5,0.0
stance06,true,9,random5,0.0
stance06,neutral,9,random5,0.0
stance06,enact_norecord,9,random5,0.0
limit01,enact,9,random5,0.0
limit01,report,9,random5,0.0
limit01,exit,9,random5,0.0
limit01,true,9,random5,0.0
limit01,neutral,9,random5,0.0
limit01,enact_norecord,9,random5,0.0
limit02,enact,9,random5,0.0
limit02,report,9,random5,0.0
limit02,exit,9,random5,0.0
limit02,true,9,random5,0.0
limit02,neutral,9,random5,0.0
limit02,enact_norecord,9,random5,0.0
limit03,enact,9,random5,0.0
limit03,report,9,random5,0.0
limit03,exit,9,random5,0.0
limit03,true,9,random5,0.0
limit03,neutral,9,random5,0.0
limit03,enact_norecord,9,random5,0.0
limit04,enact,9,random5,0.0
limit04,report,9,random5,0.0
limit04,exit,9,random5,0.0
limit04,true,9,random5,0.0
limit04,neutral,9,random5,0.0
limit04,enact_norecord,9,random5,0.0
limit05,enact,9,random5,0.0
limit05,report,9,random5,0.0
limit05,exit,9,random5,0.0
limit05,true,9,random5,0.0
limit05,neutral,9,random5,0.0
limit05,enact_norecord,9,random5,0.0
limit06,enact,9,random5,0.0
limit06,report,9,random5,0.0
limit06,exit,9,random5,0.0
limit06,true,9,random5,0.0
limit06,neutral,9,random5,0.0
limit06,enact_norecord,9,random5,0.0
fact01,neutral_b,9,random5,0.0
fact02,neutral_b,9,random5,0.0
fact03,neutral_b,9,random5,0.0
fact04,neutral_b,9,random5,0.0
fact05,neutral_b,9,random5,0.0
fact06,neutral_b,9,random5,0.0
refusal01,neutral_b,9,random5,0.0
refusal02,neutral_b,9,random5,0.0
refusal03,neutral_b,9,random5,0.0
refusal04,neutral_b,9,random5,0.0
refusal05,neutral_b,9,random5,0.0
refusal06,neutral_b,9,random5,0.0
stance01,neutral_b,9,random5,0.0
stance02,neutral_b,9,random5,0.0
stance03,neutral_b,9,random5,0.0
stance04,neutral_b,9,random5,0.0
stance05,neutral_b,9,random5,0.0
stance06,neutral_b,9,random5,0.0
limit01,neutral_b,9,random5,0.0
limit02,neutral_b,9,random5,0.0
limit03,neutral_b,9,random5,0.0
limit04,neutral_b,9,random5,0.0
limit05,neutral_b,9,random5,0.0
limit06,neutral_b,9,random5,0.0
fact01,enact,20,top5,-24.74324607849121
fact01,report,20,top5,-22.662410736083984
fact01,exit,20,top5,-17.796005249023438
fact01,true,20,top5,-18.978384017944336
fact01,neutral,20,top5,-17.882959365844727
fact01,enact_norecord,20,top5,-37.473960876464844
fact02,enact,20,top5,-16.133852005004883
fact02,report,20,top5,-20.8507137298584
fact02,exit,20,top5,-13.272464752197266
fact02,true,20,top5,-20.272220611572266
fact02,neutral,20,top5,-18.357421875
fact02,enact_norecord,20,top5,-34.77531433105469
fact03,enact,20,top5,-29.071504592895508
fact03,report,20,top5,-28.0684814453125
fact03,exit,20,top5,-20.40941047668457
fact03,true,20,top5,-23.625938415527344
fact03,neutral,20,top5,-23.627168655395508
fact03,enact_norecord,20,top5,-43.82874298095703
fact04,enact,20,top5,-24.763473510742188
fact04,report,20,top5,-23.705036163330078
fact04,exit,20,top5,-19.079627990722656
fact04,true,20,top5,-22.739505767822266
fact04,neutral,20,top5,-23.937175750732422
fact04,enact_norecord,20,top5,-36.39619064331055
fact05,enact,20,top5,-18.361181259155273
fact05,report,20,top5,-18.176843643188477
fact05,exit,20,top5,-22.906463623046875
fact05,true,20,top5,-18.95762825012207
fact05,neutral,20,top5,-14.224257469177246
fact05,enact_norecord,20,top5,-29.545408248901367
fact06,enact,20,top5,-31.293479919433594
fact06,report,20,top5,-23.971837997436523
fact06,exit,20,top5,-18.096298217773438
fact06,true,20,top5,-22.392154693603516
fact06,neutral,20,top5,-23.678020477294922
fact06,enact_norecord,20,top5,-52.3314094543457
refusal01,enact,20,top5,-13.17989444732666
refusal01,report,20,top5,-20.850126266479492
refusal01,exit,20,top5,-18.117202758789062
refusal01,true,20,top5,-11.874482154846191
refusal01,neutral,20,top5,-18.811975479125977
refusal01,enact_norecord,20,top5,-13.195517539978027
refusal02,enact,20,top5,0.0
refusal02,report,20,top5,-7.285426139831543
refusal02,exit,20,top5,-14.274879455566406
refusal02,true,20,top5,-4.845514297485352
refusal02,neutral,20,top5,0.0
refusal02,enact_norecord,20,top5,-30.736324310302734
refusal03,enact,20,top5,-10.38759994506836
refusal03,report,20,top5,-13.150135040283203
refusal03,exit,20,top5,-10.681092262268066
refusal03,true,20,top5,-8.887446403503418
refusal03,neutral,20,top5,-12.629714012145996
refusal03,enact_norecord,20,top5,-13.413521766662598
refusal04,enact,20,top5,0.0
refusal04,report,20,top5,0.0
refusal04,exit,20,top5,0.0
refusal04,true,20,top5,0.0
refusal04,neutral,20,top5,-12.776084899902344
refusal04,enact_norecord,20,top5,-6.918076038360596
refusal05,enact,20,top5,-9.394805908203125
refusal05,report,20,top5,-15.1865816116333
refusal05,exit,20,top5,-14.561320304870605
refusal05,true,20,top5,0.0
refusal05,neutral,20,top5,-17.593414306640625
refusal05,enact_norecord,20,top5,-33.22690963745117
refusal06,enact,20,top5,-17.919633865356445
refusal06,report,20,top5,-20.6214542388916
refusal06,exit,20,top5,-16.92072105407715
refusal06,true,20,top5,0.0
refusal06,neutral,20,top5,-14.876561164855957
refusal06,enact_norecord,20,top5,-38.20432662963867
stance01,enact,20,top5,-20.251649856567383
stance01,report,20,top5,-25.00127410888672
stance01,exit,20,top5,-17.679813385009766
stance01,true,20,top5,-16.12137222290039
stance01,neutral,20,top5,-17.094858169555664
stance01,enact_norecord,20,top5,-30.25441551208496
stance02,enact,20,top5,-23.190868377685547
stance02,report,20,top5,-24.266836166381836
stance02,exit,20,top5,-15.585503578186035
stance02,true,20,top5,-18.468732833862305
stance02,neutral,20,top5,-21.715904235839844
stance02,enact_norecord,20,top5,-38.78378677368164
stance03,enact,20,top5,-16.519454956054688
stance03,report,20,top5,-19.533681869506836
stance03,exit,20,top5,-10.614933967590332
stance03,true,20,top5,-13.052499771118164
stance03,neutral,20,top5,-14.694278717041016
stance03,enact_norecord,20,top5,-28.879619598388672
stance04,enact,20,top5,-28.421384811401367
stance04,report,20,top5,-24.273265838623047
stance04,exit,20,top5,-17.664379119873047
stance04,true,20,top5,-17.49056053161621
stance04,neutral,20,top5,-24.72015953063965
stance04,enact_norecord,20,top5,-40.859458923339844
stance05,enact,20,top5,-19.637683868408203
stance05,report,20,top5,-18.04208755493164
stance05,exit,20,top5,-12.013470649719238
stance05,true,20,top5,-15.642115592956543
stance05,neutral,20,top5,-28.431869506835938
stance05,enact_norecord,20,top5,-42.89403533935547
stance06,enact,20,top5,-21.098085403442383
stance06,report,20,top5,-18.806119918823242
stance06,exit,20,top5,-18.749149322509766
stance06,true,20,top5,-16.627872467041016
stance06,neutral,20,top5,-25.786636352539062
stance06,enact_norecord,20,top5,-36.502342224121094
limit01,enact,20,top5,-18.237071990966797
limit01,report,20,top5,-20.180360794067383
limit01,exit,20,top5,-23.827434539794922
limit01,true,20,top5,-24.932323455810547
limit01,neutral,20,top5,-23.230180740356445
limit01,enact_norecord,20,top5,-27.907821655273438
limit02,enact,20,top5,-20.289661407470703
limit02,report,20,top5,-19.321916580200195
limit02,exit,20,top5,-23.308778762817383
limit02,true,20,top5,-12.608114242553711
limit02,neutral,20,top5,-26.572006225585938
limit02,enact_norecord,20,top5,-38.221397399902344
limit03,enact,20,top5,-10.067127227783203
limit03,report,20,top5,-20.125782012939453
limit03,exit,20,top5,-17.207216262817383
limit03,true,20,top5,-7.839182376861572
limit03,neutral,20,top5,-8.123041152954102
limit03,enact_norecord,20,top5,-18.30751609802246
limit04,enact,20,top5,-17.206953048706055
limit04,report,20,top5,-23.946931838989258
limit04,exit,20,top5,-12.163559913635254
limit04,true,20,top5,-18.405271530151367
limit04,neutral,20,top5,-24.636621475219727
limit04,enact_norecord,20,top5,-21.372297286987305
limit05,enact,20,top5,-12.737117767333984
limit05,report,20,top5,-14.707684516906738
limit05,exit,20,top5,-16.995384216308594
limit05,true,20,top5,-4.930959701538086
limit05,neutral,20,top5,-14.616215705871582
limit05,enact_norecord,20,top5,-38.96342086791992
limit06,enact,20,top5,-20.758291244506836
limit06,report,20,top5,-13.83975601196289
limit06,exit,20,top5,-19.62999725341797
limit06,true,20,top5,-13.698705673217773
limit06,neutral,20,top5,-12.167007446289062
limit06,enact_norecord,20,top5,-37.746376037597656
fact01,neutral_b,20,top5,-24.128835678100586
fact02,neutral_b,20,top5,-15.925271034240723
fact03,neutral_b,20,top5,-21.97640609741211
fact04,neutral_b,20,top5,-23.590513229370117
fact05,neutral_b,20,top5,-14.998126983642578
fact06,neutral_b,20,top5,-21.886674880981445
refusal01,neutral_b,20,top5,-6.388299465179443
refusal02,neutral_b,20,top5,0.0
refusal03,neutral_b,20,top5,-9.142261505126953
refusal04,neutral_b,20,top5,-8.617325782775879
refusal05,neutral_b,20,top5,-11.114727973937988
refusal06,neutral_b,20,top5,-20.19361114501953
stance01,neutral_b,20,top5,-15.628263473510742
stance02,neutral_b,20,top5,-24.407163619995117
stance03,neutral_b,20,top5,-9.632692337036133
stance04,neutral_b,20,top5,-25.6634464263916
stance05,neutral_b,20,top5,-23.048439025878906
stance06,neutral_b,20,top5,-16.851041793823242
limit01,neutral_b,20,top5,-26.879100799560547
limit02,neutral_b,20,top5,-24.853483200073242
limit03,neutral_b,20,top5,-9.370826721191406
limit04,neutral_b,20,top5,-21.471479415893555
limit05,neutral_b,20,top5,-15.956578254699707
limit06,neutral_b,20,top5,-10.012360572814941
fact01,enact,20,full,-14.547491073608398
fact01,report,20,full,-14.272461891174316
fact01,exit,20,full,-11.010785102844238
fact01,true,20,full,-11.649675369262695
fact01,neutral,20,full,-10.162887573242188
fact01,enact_norecord,20,full,-21.520078659057617
fact02,enact,20,full,-9.057441711425781
fact02,report,20,full,-11.953804016113281
fact02,exit,20,full,-8.091028213500977
fact02,true,20,full,-11.103472709655762
fact02,neutral,20,full,-11.089791297912598
fact02,enact_norecord,20,full,-20.294021606445312
fact03,enact,20,full,-14.562232971191406
fact03,report,20,full,-16.232322692871094
fact03,exit,20,full,-12.022643089294434
fact03,true,20,full,-13.043130874633789
fact03,neutral,20,full,-15.94000244140625
fact03,enact_norecord,20,full,-25.415042877197266
fact04,enact,20,full,-12.814022064208984
fact04,report,20,full,-11.921648025512695
fact04,exit,20,full,-11.461033821105957
fact04,true,20,full,-13.107646942138672
fact04,neutral,20,full,-14.22422981262207
fact04,enact_norecord,20,full,-20.287466049194336
fact05,enact,20,full,-10.989291191101074
fact05,report,20,full,-10.6442289352417
fact05,exit,20,full,-13.63194465637207
fact05,true,20,full,-9.526572227478027
fact05,neutral,20,full,-8.568181037902832
fact05,enact_norecord,20,full,-17.038549423217773
fact06,enact,20,full,-17.84733772277832
fact06,report,20,full,-12.630305290222168
fact06,exit,20,full,-9.483380317687988
fact06,true,20,full,-12.514189720153809
fact06,neutral,20,full,-14.374409675598145
fact06,enact_norecord,20,full,-30.069503784179688
refusal01,enact,20,full,-9.270190238952637
refusal01,report,20,full,-13.99897575378418
refusal01,exit,20,full,-11.554813385009766
refusal01,true,20,full,-7.7524094581604
refusal01,neutral,20,full,-10.877981185913086
refusal01,enact_norecord,20,full,-8.278690338134766
refusal02,enact,20,full,-1.9383336305618286
refusal02,report,20,full,-4.296870708465576
refusal02,exit,20,full,-10.07669734954834
refusal02,true,20,full,-4.535653591156006
refusal02,neutral,20,full,-2.431675910949707
refusal02,enact_norecord,20,full,-17.912160873413086
refusal03,enact,20,full,-7.405205249786377
refusal03,report,20,full,-8.464162826538086
refusal03,exit,20,full,-6.578418731689453
refusal03,true,20,full,-6.439309597015381
refusal03,neutral,20,full,-8.527664184570312
refusal03,enact_norecord,20,full,-8.88361930847168
refusal04,enact,20,full,1.6356004476547241
refusal04,report,20,full,0.18797960877418518
refusal04,exit,20,full,-1.7987266778945923
refusal04,true,20,full,-0.9848752021789551
refusal04,neutral,20,full,-7.9862141609191895
refusal04,enact_norecord,20,full,-4.842880725860596
refusal05,enact,20,full,-7.444870471954346
refusal05,report,20,full,-8.981019020080566
refusal05,exit,20,full,-10.387166976928711
refusal05,true,20,full,0.1050029844045639
refusal05,neutral,20,full,-10.511385917663574
refusal05,enact_norecord,20,full,-19.668764114379883
refusal06,enact,20,full,-12.10352611541748
refusal06,report,20,full,-13.462864875793457
refusal06,exit,20,full,-10.585817337036133
refusal06,true,20,full,-0.5271595120429993
refusal06,neutral,20,full,-9.942168235778809
refusal06,enact_norecord,20,full,-23.081544876098633
stance01,enact,20,full,-12.003122329711914
stance01,report,20,full,-14.266952514648438
stance01,exit,20,full,-9.848483085632324
stance01,true,20,full,-8.775863647460938
stance01,neutral,20,full,-10.59669017791748
stance01,enact_norecord,20,full,-17.707275390625
stance02,enact,20,full,-12.953451156616211
stance02,report,20,full,-14.023259162902832
stance02,exit,20,full,-9.904280662536621
stance02,true,20,full,-10.549749374389648
stance02,neutral,20,full,-12.955392837524414
stance02,enact_norecord,20,full,-21.88264274597168
stance03,enact,20,full,-9.22342300415039
stance03,report,20,full,-11.043588638305664
stance03,exit,20,full,-6.683624267578125
stance03,true,20,full,-7.093084812164307
stance03,neutral,20,full,-9.31422233581543
stance03,enact_norecord,20,full,-16.6778564453125
stance04,enact,20,full,-16.247364044189453
stance04,report,20,full,-13.443175315856934
stance04,exit,20,full,-10.893996238708496
stance04,true,20,full,-10.373091697692871
stance04,neutral,20,full,-15.391928672790527
stance04,enact_norecord,20,full,-22.874916076660156
stance05,enact,20,full,-9.748272895812988
stance05,report,20,full,-10.536066055297852
stance05,exit,20,full,-7.682420253753662
stance05,true,20,full,-7.855526924133301
stance05,neutral,20,full,-13.25342082977295
stance05,enact_norecord,20,full,-23.381568908691406
stance06,enact,20,full,-12.498087882995605
stance06,report,20,full,-10.502269744873047
stance06,exit,20,full,-11.450471878051758
stance06,true,20,full,-9.601458549499512
stance06,neutral,20,full,-16.052093505859375
stance06,enact_norecord,20,full,-20.47277069091797
limit01,enact,20,full,-10.252555847167969
limit01,report,20,full,-12.350739479064941
limit01,exit,20,full,-15.072452545166016
limit01,true,20,full,-14.976954460144043
limit01,neutral,20,full,-14.124293327331543
limit01,enact_norecord,20,full,-15.783695220947266
limit02,enact,20,full,-13.14539623260498
limit02,report,20,full,-12.92188835144043
limit02,exit,20,full,-14.756175994873047
limit02,true,20,full,-8.57211971282959
limit02,neutral,20,full,-16.718738555908203
limit02,enact_norecord,20,full,-23.324703216552734
limit03,enact,20,full,-6.4039716720581055
limit03,report,20,full,-12.258301734924316
limit03,exit,20,full,-12.539555549621582
limit03,true,20,full,-5.5207319259643555
limit03,neutral,20,full,-5.826181411743164
limit03,enact_norecord,20,full,-9.916892051696777
limit04,enact,20,full,-11.043179512023926
limit04,report,20,full,-14.685752868652344
limit04,exit,20,full,-8.117984771728516
limit04,true,20,full,-10.909934043884277
limit04,neutral,20,full,-14.617606163024902
limit04,enact_norecord,20,full,-13.299081802368164
limit05,enact,20,full,-8.42313289642334
limit05,report,20,full,-10.081518173217773
limit05,exit,20,full,-10.671712875366211
limit05,true,20,full,-4.280503273010254
limit05,neutral,20,full,-9.258709907531738
limit05,enact_norecord,20,full,-23.48539924621582
limit06,enact,20,full,-13.052342414855957
limit06,report,20,full,-9.42658519744873
limit06,exit,20,full,-11.230820655822754
limit06,true,20,full,-8.547120094299316
limit06,neutral,20,full,-8.59333324432373
limit06,enact_norecord,20,full,-22.398788452148438
fact01,neutral_b,20,full,-13.783662796020508
fact02,neutral_b,20,full,-9.077539443969727
fact03,neutral_b,20,full,-13.098270416259766
fact04,neutral_b,20,full,-13.190369606018066
fact05,neutral_b,20,full,-9.06791877746582
fact06,neutral_b,20,full,-13.159043312072754
refusal01,neutral_b,20,full,-1.614914059638977
refusal02,neutral_b,20,full,-2.356931686401367
refusal03,neutral_b,20,full,-6.659019947052002
refusal04,neutral_b,20,full,-5.501556873321533
refusal05,neutral_b,20,full,-7.5171918869018555
refusal06,neutral_b,20,full,-12.64218521118164
stance01,neutral_b,20,full,-10.031940460205078
stance02,neutral_b,20,full,-13.054722785949707
stance03,neutral_b,20,full,-5.266290664672852
stance04,neutral_b,20,full,-16.419837951660156
stance05,neutral_b,20,full,-10.611268043518066
stance06,neutral_b,20,full,-10.582040786743164
limit01,neutral_b,20,full,-16.25189208984375
limit02,neutral_b,20,full,-15.116463661193848
limit03,neutral_b,20,full,-7.203563690185547
limit04,neutral_b,20,full,-12.857453346252441
limit05,neutral_b,20,full,-10.162065505981445
limit06,neutral_b,20,full,-7.689992904663086
fact01,enact,20,random5,0.0
fact01,report,20,random5,0.0
fact01,exit,20,random5,0.0
fact01,true,20,random5,0.0
fact01,neutral,20,random5,0.0
fact01,enact_norecord,20,random5,0.0
fact02,enact,20,random5,0.0
fact02,report,20,random5,0.0
fact02,exit,20,random5,0.0
fact02,true,20,random5,0.0
fact02,neutral,20,random5,0.0
fact02,enact_norecord,20,random5,0.0
fact03,enact,20,random5,0.0
fact03,report,20,random5,0.0
fact03,exit,20,random5,0.0
fact03,true,20,random5,0.0
fact03,neutral,20,random5,0.0
fact03,enact_norecord,20,random5,0.0
fact04,enact,20,random5,0.0
fact04,report,20,random5,0.0
fact04,exit,20,random5,0.0
fact04,true,20,random5,0.0
fact04,neutral,20,random5,0.0
fact04,enact_norecord,20,random5,0.0
fact05,enact,20,random5,0.0
fact05,report,20,random5,0.0
fact05,exit,20,random5,0.0
fact05,true,20,random5,0.0
fact05,neutral,20,random5,0.0
fact05,enact_norecord,20,random5,0.0
fact06,enact,20,random5,0.0
fact06,report,20,random5,0.0
fact06,exit,20,random5,0.0
fact06,true,20,random5,0.0
fact06,neutral,20,random5,0.0
fact06,enact_norecord,20,random5,0.0
refusal01,enact,20,random5,0.0
refusal01,report,20,random5,0.0
refusal01,exit,20,random5,0.0
refusal01,true,20,random5,0.0
refusal01,neutral,20,random5,0.0
refusal01,enact_norecord,20,random5,0.0
refusal02,enact,20,random5,0.0
refusal02,report,20,random5,0.0
refusal02,exit,20,random5,0.0
refusal02,true,20,random5,0.0
refusal02,neutral,20,random5,0.0
refusal02,enact_norecord,20,random5,0.0
refusal03,enact,20,random5,0.0
refusal03,report,20,random5,0.0
refusal03,exit,20,random5,0.0
refusal03,true,20,random5,0.0
refusal03,neutral,20,random5,0.0
refusal03,enact_norecord,20,random5,0.0
refusal04,enact,20,random5,0.0
refusal04,report,20,random5,0.0
refusal04,exit,20,random5,0.0
refusal04,true,20,random5,0.0
refusal04,neutral,20,random5,0.0
refusal04,enact_norecord,20,random5,0.0
refusal05,enact,20,random5,0.0
refusal05,report,20,random5,0.0
refusal05,exit,20,random5,0.0
refusal05,true,20,random5,0.0
refusal05,neutral,20,random5,0.0
refusal05,enact_norecord,20,random5,0.0
refusal06,enact,20,random5,0.0
refusal06,report,20,random5,0.0
refusal06,exit,20,random5,0.0
refusal06,true,20,random5,0.0
refusal06,neutral,20,random5,0.0
refusal06,enact_norecord,20,random5,0.0
stance01,enact,20,random5,0.0
stance01,report,20,random5,0.0
stance01,exit,20,random5,0.0
stance01,true,20,random5,0.0
stance01,neutral,20,random5,0.0
stance01,enact_norecord,20,random5,0.0
stance02,enact,20,random5,0.0
stance02,report,20,random5,0.0
stance02,exit,20,random5,0.0
stance02,true,20,random5,0.0
stance02,neutral,20,random5,0.0
stance02,enact_norecord,20,random5,0.0
stance03,enact,20,random5,0.0
stance03,report,20,random5,0.0
stance03,exit,20,random5,0.0
stance03,true,20,random5,0.0
stance03,neutral,20,random5,0.0
stance03,enact_norecord,20,random5,0.0
stance04,enact,20,random5,0.0
stance04,report,20,random5,0.0
stance04,exit,20,random5,0.0
stance04,true,20,random5,0.0
stance04,neutral,20,random5,0.0
stance04,enact_norecord,20,random5,0.0
stance05,enact,20,random5,0.0
stance05,report,20,random5,0.0
stance05,exit,20,random5,0.0
stance05,true,20,random5,0.0
stance05,neutral,20,random5,0.0
stance05,enact_norecord,20,random5,0.0
stance06,enact,20,random5,0.0
stance06,report,20,random5,0.0
stance06,exit,20,random5,0.0
stance06,true,20,random5,0.0
stance06,neutral,20,random5,0.0
stance06,enact_norecord,20,random5,0.0
limit01,enact,20,random5,0.0
limit01,report,20,random5,0.0
limit01,exit,20,random5,0.0
limit01,true,20,random5,0.0
limit01,neutral,20,random5,0.0
limit01,enact_norecord,20,random5,0.0
limit02,enact,20,random5,0.0
limit02,report,20,random5,0.0
limit02,exit,20,random5,0.0
limit02,true,20,random5,0.0
limit02,neutral,20,random5,0.0
limit02,enact_norecord,20,random5,0.0
limit03,enact,20,random5,0.0
limit03,report,20,random5,0.0
limit03,exit,20,random5,0.0
limit03,true,20,random5,0.0
limit03,neutral,20,random5,0.0
limit03,enact_norecord,20,random5,0.0
limit04,enact,20,random5,0.0
limit04,report,20,random5,0.0
limit04,exit,20,random5,0.0
limit04,true,20,random5,0.0
limit04,neutral,20,random5,0.0
limit04,enact_norecord,20,random5,0.0
limit05,enact,20,random5,0.0
limit05,report,20,random5,0.0
limit05,exit,20,random5,0.0
limit05,true,20,random5,0.0
limit05,neutral,20,random5,0.0
limit05,enact_norecord,20,random5,0.0
limit06,enact,20,random5,0.0
limit06,report,20,random5,0.0
limit06,exit,20,random5,0.0
limit06,true,20,random5,0.0
limit06,neutral,20,random5,0.0
limit06,enact_norecord,20,random5,0.0
fact01,neutral_b,20,random5,0.0
fact02,neutral_b,20,random5,0.0
fact03,neutral_b,20,random5,0.0
fact04,neutral_b,20,random5,0.0
fact05,neutral_b,20,random5,0.0
fact06,neutral_b,20,random5,0.0
refusal01,neutral_b,20,random5,0.0
refusal02,neutral_b,20,random5,0.0
refusal03,neutral_b,20,random5,0.0
refusal04,neutral_b,20,random5,0.0
refusal05,neutral_b,20,random5,0.0
refusal06,neutral_b,20,random5,0.0
stance01,neutral_b,20,random5,0.0
stance02,neutral_b,20,random5,0.0
stance03,neutral_b,20,random5,0.0
stance04,neutral_b,20,random5,0.0
stance05,neutral_b,20,random5,0.0
stance06,neutral_b,20,random5,0.0
limit01,neutral_b,20,random5,0.0
limit02,neutral_b,20,random5,0.0
limit03,neutral_b,20,random5,0.0
limit04,neutral_b,20,random5,0.0
limit05,neutral_b,20,random5,0.0
limit06,neutral_b,20,random5,0.0
fact01,enact,31,top5,0.0
fact01,report,31,top5,0.0
fact01,exit,31,top5,0.0
fact01,true,31,top5,0.0
fact01,neutral,31,top5,0.0
fact01,enact_norecord,31,top5,0.0
fact02,enact,31,top5,0.0
fact02,report,31,top5,0.0
fact02,exit,31,top5,0.0
fact02,true,31,top5,0.0
fact02,neutral,31,top5,0.0
fact02,enact_norecord,31,top5,0.0
fact03,enact,31,top5,0.0
fact03,report,31,top5,0.0
fact03,exit,31,top5,0.0
fact03,true,31,top5,0.0
fact03,neutral,31,top5,0.0
fact03,enact_norecord,31,top5,0.0
fact04,enact,31,top5,0.0
fact04,report,31,top5,0.0
fact04,exit,31,top5,0.0
fact04,true,31,top5,0.0
fact04,neutral,31,top5,4.787917137145996
fact04,enact_norecord,31,top5,0.0
fact05,enact,31,top5,0.0
fact05,report,31,top5,0.0
fact05,exit,31,top5,-5.089406967163086
fact05,true,31,top5,0.0
fact05,neutral,31,top5,0.0
fact05,enact_norecord,31,top5,0.0
fact06,enact,31,top5,0.0
fact06,report,31,top5,0.0
fact06,exit,31,top5,-5.161858558654785
fact06,true,31,top5,0.0
fact06,neutral,31,top5,0.0
fact06,enact_norecord,31,top5,0.0
refusal01,enact,31,top5,0.0
refusal01,report,31,top5,7.65419864654541
refusal01,exit,31,top5,0.0
refusal01,true,31,top5,0.0
refusal01,neutral,31,top5,0.0
refusal01,enact_norecord,31,top5,0.0
refusal02,enact,31,top5,0.0
refusal02,report,31,top5,0.0
refusal02,exit,31,top5,0.0
refusal02,true,31,top5,0.0
refusal02,neutral,31,top5,0.0
refusal02,enact_norecord,31,top5,0.0
refusal03,enact,31,top5,-6.1749491691589355
refusal03,report,31,top5,0.0
refusal03,exit,31,top5,0.0
refusal03,true,31,top5,0.0
refusal03,neutral,31,top5,0.0
refusal03,enact_norecord,31,top5,-4.76023006439209
refusal04,enact,31,top5,0.0
refusal04,report,31,top5,0.0
refusal04,exit,31,top5,0.0
refusal04,true,31,top5,0.0
refusal04,neutral,31,top5,0.0
refusal04,enact_norecord,31,top5,0.0
refusal05,enact,31,top5,0.0
refusal05,report,31,top5,0.0
refusal05,exit,31,top5,-6.298308849334717
refusal05,true,31,top5,0.0
refusal05,neutral,31,top5,0.0
refusal05,enact_norecord,31,top5,0.0
refusal06,enact,31,top5,0.0
refusal06,report,31,top5,0.0
refusal06,exit,31,top5,0.0
refusal06,true,31,top5,0.0
refusal06,neutral,31,top5,0.0
refusal06,enact_norecord,31,top5,0.0
stance01,enact,31,top5,-5.249579429626465
stance01,report,31,top5,0.0
stance01,exit,31,top5,-5.878376007080078
stance01,true,31,top5,0.0
stance01,neutral,31,top5,0.0
stance01,enact_norecord,31,top5,0.0
stance02,enact,31,top5,-5.3168745040893555
stance02,report,31,top5,0.0
stance02,exit,31,top5,-6.606557846069336
stance02,true,31,top5,0.0
stance02,neutral,31,top5,0.0
stance02,enact_norecord,31,top5,0.0
stance03,enact,31,top5,-5.095821380615234
stance03,report,31,top5,0.0
stance03,exit,31,top5,-6.791743755340576
stance03,true,31,top5,0.0
stance03,neutral,31,top5,0.0
stance03,enact_norecord,31,top5,0.0
stance04,enact,31,top5,0.0
stance04,report,31,top5,0.0
stance04,exit,31,top5,-6.13416051864624
stance04,true,31,top5,0.0
stance04,neutral,31,top5,0.0
stance04,enact_norecord,31,top5,0.0
stance05,enact,31,top5,0.0
stance05,report,31,top5,0.0
stance05,exit,31,top5,-5.0359015464782715
stance05,true,31,top5,0.0
stance05,neutral,31,top5,0.0
stance05,enact_norecord,31,top5,0.0
stance06,enact,31,top5,0.0
stance06,report,31,top5,0.0
stance06,exit,31,top5,-7.166047096252441
stance06,true,31,top5,0.0
stance06,neutral,31,top5,0.0
stance06,enact_norecord,31,top5,0.0
limit01,enact,31,top5,0.0
limit01,report,31,top5,0.0
limit01,exit,31,top5,0.0
limit01,true,31,top5,0.0
limit01,neutral,31,top5,0.0
limit01,enact_norecord,31,top5,0.0
limit02,enact,31,top5,0.0
limit02,report,31,top5,0.0
limit02,exit,31,top5,0.0
limit02,true,31,top5,0.0
limit02,neutral,31,top5,0.0
limit02,enact_norecord,31,top5,0.0
limit03,enact,31,top5,0.0
limit03,report,31,top5,0.0
limit03,exit,31,top5,0.0
limit03,true,31,top5,0.0
limit03,neutral,31,top5,0.0
limit03,enact_norecord,31,top5,0.0
limit04,enact,31,top5,0.0
limit04,report,31,top5,0.0
limit04,exit,31,top5,0.0
limit04,true,31,top5,0.0
limit04,neutral,31,top5,0.0
limit04,enact_norecord,31,top5,0.0
limit05,enact,31,top5,0.0
limit05,report,31,top5,0.0
limit05,exit,31,top5,0.0
limit05,true,31,top5,0.0
limit05,neutral,31,top5,0.0
limit05,enact_norecord,31,top5,0.0
limit06,enact,31,top5,0.0
limit06,report,31,top5,0.0
limit06,exit,31,top5,0.0
limit06,true,31,top5,0.0
limit06,neutral,31,top5,0.0
limit06,enact_norecord,31,top5,0.0
fact01,neutral_b,31,top5,0.0
fact02,neutral_b,31,top5,0.0
fact03,neutral_b,31,top5,0.0
fact04,neutral_b,31,top5,0.0
fact05,neutral_b,31,top5,0.0
fact06,neutral_b,31,top5,0.0
refusal01,neutral_b,31,top5,0.0
refusal02,neutral_b,31,top5,0.0
refusal03,neutral_b,31,top5,0.0
refusal04,neutral_b,31,top5,0.0
refusal05,neutral_b,31,top5,0.0
refusal06,neutral_b,31,top5,0.0
stance01,neutral_b,31,top5,0.0
stance02,neutral_b,31,top5,0.0
stance03,neutral_b,31,top5,0.0
stance04,neutral_b,31,top5,0.0
stance05,neutral_b,31,top5,0.0
stance06,neutral_b,31,top5,0.0
limit01,neutral_b,31,top5,0.0
limit02,neutral_b,31,top5,0.0
limit03,neutral_b,31,top5,0.0
limit04,neutral_b,31,top5,0.0
limit05,neutral_b,31,top5,0.0
limit06,neutral_b,31,top5,0.0
fact01,enact,31,full,-3.2406492233276367
fact01,report,31,full,-8.118311882019043
fact01,exit,31,full,-4.998116493225098
fact01,true,31,full,-1.1160542964935303
fact01,neutral,31,full,-3.294098138809204
fact01,enact_norecord,31,full,-14.562965393066406
fact02,enact,31,full,-1.0368852615356445
fact02,report,31,full,1.035863995552063
fact02,exit,31,full,-3.057776689529419
fact02,true,31,full,2.431861639022827
fact02,neutral,31,full,-3.293598175048828
fact02,enact_norecord,31,full,-15.792738914489746
fact03,enact,31,full,-1.2135181427001953
fact03,report,31,full,-2.4702060222625732
fact03,exit,31,full,-1.9908297061920166
fact03,true,31,full,5.974002361297607
fact03,neutral,31,full,-1.5392162799835205
fact03,enact_norecord,31,full,-13.136906623840332
fact04,enact,31,full,-1.5636563301086426
fact04,report,31,full,-3.13132381439209
fact04,exit,31,full,-2.2031800746917725
fact04,true,31,full,-3.69791841506958
fact04,neutral,31,full,2.8395960330963135
fact04,enact_norecord,31,full,-10.751869201660156
fact05,enact,31,full,-3.1837289333343506
fact05,report,31,full,0.3717314898967743
fact05,exit,31,full,-6.422452926635742
fact05,true,31,full,-0.7557333707809448
fact05,neutral,31,full,-0.9955103993415833
fact05,enact_norecord,31,full,-19.695390701293945
fact06,enact,31,full,-0.9663463830947876
fact06,report,31,full,-0.6257480978965759
fact06,exit,31,full,-3.2884469032287598
fact06,true,31,full,-2.4987616539001465
fact06,neutral,31,full,-2.6753339767456055
fact06,enact_norecord,31,full,-21.266599655151367
refusal01,enact,31,full,-9.352071762084961
refusal01,report,31,full,-15.247869491577148
refusal01,exit,31,full,-6.723713397979736
refusal01,true,31,full,-9.05281925201416
refusal01,neutral,31,full,-11.016881942749023
refusal01,enact_norecord,31,full,-15.159357070922852
refusal02,enact,31,full,-11.36270523071289
refusal02,report,31,full,-8.07231330871582
refusal02,exit,31,full,-7.677333831787109
refusal02,true,31,full,-2.145496368408203
refusal02,neutral,31,full,-6.671751499176025
refusal02,enact_norecord,31,full,-18.242328643798828
refusal03,enact,31,full,-7.44615364074707
refusal03,report,31,full,-3.425765037536621
refusal03,exit,31,full,-5.983434200286865
refusal03,true,31,full,-1.5101207494735718
refusal03,neutral,31,full,-2.5348806381225586
refusal03,enact_norecord,31,full,-11.478849411010742
refusal04,enact,31,full,-4.206978797912598
refusal04,report,31,full,-4.498167991638184
refusal04,exit,31,full,-4.532711029052734
refusal04,true,31,full,11.324012756347656
refusal04,neutral,31,full,2.8851230144500732
refusal04,enact_norecord,31,full,-15.607528686523438
refusal05,enact,31,full,-6.190219879150391
refusal05,report,31,full,-3.0462069511413574
refusal05,exit,31,full,-10.264878273010254
refusal05,true,31,full,3.319808006286621
refusal05,neutral,31,full,-1.2413712739944458
refusal05,enact_norecord,31,full,-22.221946716308594
refusal06,enact,31,full,-7.478300094604492
refusal06,report,31,full,-6.594110012054443
refusal06,exit,31,full,-8.086431503295898
refusal06,true,31,full,-0.7462763786315918
refusal06,neutral,31,full,-3.7681689262390137
refusal06,enact_norecord,31,full,-13.076375007629395
stance01,enact,31,full,-8.367952346801758
stance01,report,31,full,-5.080189228057861
stance01,exit,31,full,-9.922532081604004
stance01,true,31,full,-1.290819525718689
stance01,neutral,31,full,-8.587553024291992
stance01,enact_norecord,31,full,-14.469958305358887
stance02,enact,31,full,-15.32660961151123
stance02,report,31,full,-7.625083923339844
stance02,exit,31,full,-11.90079402923584
stance02,true,31,full,-5.583948612213135
stance02,neutral,31,full,-0.04621898755431175
stance02,enact_norecord,31,full,-10.006300926208496
stance03,enact,31,full,-13.203688621520996
stance03,report,31,full,-8.232791900634766
stance03,exit,31,full,-13.56206226348877
stance03,true,31,full,-7.039097309112549
stance03,neutral,31,full,-5.328229904174805
stance03,enact_norecord,31,full,-20.65815544128418
stance04,enact,31,full,-6.093832015991211
stance04,report,31,full,-1.797001838684082
stance04,exit,31,full,-10.663422584533691
stance04,true,31,full,0.03716462850570679
stance04,neutral,31,full,0.2565253973007202
stance04,enact_norecord,31,full,-11.771831512451172
stance05,enact,31,full,-5.918997764587402
stance05,report,31,full,-2.4688541889190674
stance05,exit,31,full,-12.50855827331543
stance05,true,31,full,-1.9973088502883911
stance05,neutral,31,full,-6.434778690338135
stance05,enact_norecord,31,full,-21.506437301635742
stance06,enact,31,full,-9.642754554748535
stance06,report,31,full,1.0254545211791992
stance06,exit,31,full,-11.253358840942383
stance06,true,31,full,-1.0133095979690552
stance06,neutral,31,full,-7.180356502532959
stance06,enact_norecord,31,full,-10.862603187561035
limit01,enact,31,full,-7.779393672943115
limit01,report,31,full,-13.047589302062988
limit01,exit,31,full,-10.815698623657227
limit01,true,31,full,-5.306929111480713
limit01,neutral,31,full,-1.4580090045928955
limit01,enact_norecord,31,full,-9.622601509094238
limit02,enact,31,full,-8.130797386169434
limit02,report,31,full,-9.372233390808105
limit02,exit,31,full,-8.883747100830078
limit02,true,31,full,-6.3647332191467285
limit02,neutral,31,full,-9.130965232849121
limit02,enact_norecord,31,full,-23.631454467773438
limit03,enact,31,full,-5.042069435119629
limit03,report,31,full,-11.799816131591797
limit03,exit,31,full,-10.176004409790039
limit03,true,31,full,-2.3287339210510254
limit03,neutral,31,full,-4.215258598327637
limit03,enact_norecord,31,full,-6.26539421081543
limit04,enact,31,full,-1.5972375869750977
limit04,report,31,full,4.038713455200195
limit04,exit,31,full,-0.5838517546653748
limit04,true,31,full,-3.810089111328125
limit04,neutral,31,full,-9.74094009399414
limit04,enact_norecord,31,full,-14.469040870666504
limit05,enact,31,full,-4.678685188293457
limit05,report,31,full,-5.525771617889404
limit05,exit,31,full,-3.7852492332458496
limit05,true,31,full,-2.9401333332061768
limit05,neutral,31,full,-7.3944501876831055
limit05,enact_norecord,31,full,-17.982685089111328
limit06,enact,31,full,-2.2030720710754395
limit06,report,31,full,1.858715295791626
limit06,exit,31,full,-3.672271966934204
limit06,true,31,full,-1.2878162860870361
limit06,neutral,31,full,-8.098767280578613
limit06,enact_norecord,31,full,-12.374192237854004
fact01,neutral_b,31,full,-0.2597180902957916
fact02,neutral_b,31,full,-0.6783280968666077
fact03,neutral_b,31,full,-0.7272610068321228
fact04,neutral_b,31,full,0.12744534015655518
fact05,neutral_b,31,full,-4.567707061767578
fact06,neutral_b,31,full,-3.4566218852996826
refusal01,neutral_b,31,full,-10.862031936645508
refusal02,neutral_b,31,full,-4.876003742218018
refusal03,neutral_b,31,full,-12.98318099975586
refusal04,neutral_b,31,full,3.213205337524414
refusal05,neutral_b,31,full,-3.4861795902252197
refusal06,neutral_b,31,full,-2.397347927093506
stance01,neutral_b,31,full,-4.383056640625
stance02,neutral_b,31,full,0.1598275601863861
stance03,neutral_b,31,full,-7.734752178192139
stance04,neutral_b,31,full,-1.0195143222808838
stance05,neutral_b,31,full,-1.3711260557174683
stance06,neutral_b,31,full,-5.367893695831299
limit01,neutral_b,31,full,-0.6082583665847778
limit02,neutral_b,31,full,-10.943560600280762
limit03,neutral_b,31,full,-4.540380477905273
limit04,neutral_b,31,full,-8.04710865020752
limit05,neutral_b,31,full,-8.002593040466309
limit06,neutral_b,31,full,-5.099724769592285
fact01,enact,31,random5,0.0
fact01,report,31,random5,0.0
fact01,exit,31,random5,0.0
fact01,true,31,random5,0.0
fact01,neutral,31,random5,0.0
fact01,enact_norecord,31,random5,0.0
fact02,enact,31,random5,0.0
fact02,report,31,random5,0.0
fact02,exit,31,random5,0.0
fact02,true,31,random5,0.0
fact02,neutral,31,random5,0.0
fact02,enact_norecord,31,random5,0.0
fact03,enact,31,random5,0.0
fact03,report,31,random5,0.0
fact03,exit,31,random5,0.0
fact03,true,31,random5,0.0
fact03,neutral,31,random5,0.0
fact03,enact_norecord,31,random5,0.0
fact04,enact,31,random5,0.0
fact04,report,31,random5,0.0
fact04,exit,31,random5,0.0
fact04,true,31,random5,0.0
fact04,neutral,31,random5,0.0
fact04,enact_norecord,31,random5,0.0
fact05,enact,31,random5,0.0
fact05,report,31,random5,0.0
fact05,exit,31,random5,0.0
fact05,true,31,random5,0.0
fact05,neutral,31,random5,0.0
fact05,enact_norecord,31,random5,0.0
fact06,enact,31,random5,0.0
fact06,report,31,random5,0.0
fact06,exit,31,random5,0.0
fact06,true,31,random5,0.0
fact06,neutral,31,random5,0.0
fact06,enact_norecord,31,random5,0.0
refusal01,enact,31,random5,0.0
refusal01,report,31,random5,0.0
refusal01,exit,31,random5,0.0
refusal01,true,31,random5,0.0
refusal01,neutral,31,random5,0.0
refusal01,enact_norecord,31,random5,0.0
refusal02,enact,31,random5,0.0
refusal02,report,31,random5,0.0
refusal02,exit,31,random5,0.0
refusal02,true,31,random5,0.0
refusal02,neutral,31,random5,0.0
refusal02,enact_norecord,31,random5,0.0
refusal03,enact,31,random5,0.0
refusal03,report,31,random5,0.0
refusal03,exit,31,random5,0.0
refusal03,true,31,random5,0.0
refusal03,neutral,31,random5,0.0
refusal03,enact_norecord,31,random5,0.0
refusal04,enact,31,random5,0.0
refusal04,report,31,random5,0.0
refusal04,exit,31,random5,0.0
refusal04,true,31,random5,0.0
refusal04,neutral,31,random5,0.0
refusal04,enact_norecord,31,random5,0.0
refusal05,enact,31,random5,0.0
refusal05,report,31,random5,0.0
refusal05,exit,31,random5,0.0
refusal05,true,31,random5,0.0
refusal05,neutral,31,random5,0.0
refusal05,enact_norecord,31,random5,0.0
refusal06,enact,31,random5,0.0
refusal06,report,31,random5,0.0
refusal06,exit,31,random5,0.0
refusal06,true,31,random5,0.0
refusal06,neutral,31,random5,0.0
refusal06,enact_norecord,31,random5,0.0
stance01,enact,31,random5,0.0
stance01,report,31,random5,0.0
stance01,exit,31,random5,0.0
stance01,true,31,random5,0.0
stance01,neutral,31,random5,0.0
stance01,enact_norecord,31,random5,0.0
stance02,enact,31,random5,0.0
stance02,report,31,random5,0.0
stance02,exit,31,random5,0.0
stance02,true,31,random5,0.0
stance02,neutral,31,random5,0.0
stance02,enact_norecord,31,random5,0.0
stance03,enact,31,random5,0.0
stance03,report,31,random5,0.0
stance03,exit,31,random5,0.0
stance03,true,31,random5,0.0
stance03,neutral,31,random5,0.0
stance03,enact_norecord,31,random5,0.0
stance04,enact,31,random5,0.0
stance04,report,31,random5,0.0
stance04,exit,31,random5,0.0
stance04,true,31,random5,0.0
stance04,neutral,31,random5,0.0
stance04,enact_norecord,31,random5,0.0
stance05,enact,31,random5,0.0
stance05,report,31,random5,0.0
stance05,exit,31,random5,0.0
stance05,true,31,random5,0.0
stance05,neutral,31,random5,0.0
stance05,enact_norecord,31,random5,0.0
stance06,enact,31,random5,0.0
stance06,report,31,random5,0.0
stance06,exit,31,random5,0.0
stance06,true,31,random5,0.0
stance06,neutral,31,random5,0.0
stance06,enact_norecord,31,random5,0.0
limit01,enact,31,random5,0.0
limit01,report,31,random5,0.0
limit01,exit,31,random5,0.0
limit01,true,31,random5,0.0
limit01,neutral,31,random5,0.0
limit01,enact_norecord,31,random5,0.0
limit02,enact,31,random5,0.0
limit02,report,31,random5,0.0
limit02,exit,31,random5,0.0
limit02,true,31,random5,0.0
limit02,neutral,31,random5,0.0
limit02,enact_norecord,31,random5,0.0
limit03,enact,31,random5,0.0
limit03,report,31,random5,0.0
limit03,exit,31,random5,0.0
limit03,true,31,random5,0.0
limit03,neutral,31,random5,0.0
limit03,enact_norecord,31,random5,0.0
limit04,enact,31,random5,0.0
limit04,report,31,random5,0.0
limit04,exit,31,random5,0.0
limit04,true,31,random5,0.0
limit04,neutral,31,random5,0.0
limit04,enact_norecord,31,random5,0.0
limit05,enact,31,random5,0.0
limit05,report,31,random5,0.0
limit05,exit,31,random5,0.0
limit05,true,31,random5,0.0
limit05,neutral,31,random5,0.0
limit05,enact_norecord,31,random5,0.0
limit06,enact,31,random5,0.0
limit06,report,31,random5,0.0
limit06,exit,31,random5,0.0
limit06,true,31,random5,0.0
limit06,neutral,31,random5,0.0
limit06,enact_norecord,31,random5,0.0
fact01,neutral_b,31,random5,0.0
fact02,neutral_b,31,random5,0.0
fact03,neutral_b,31,random5,0.0
fact04,neutral_b,31,random5,0.0
fact05,neutral_b,31,random5,0.0
fact06,neutral_b,31,random5,0.0
refusal01,neutral_b,31,random5,0.0
refusal02,neutral_b,31,random5,0.0
refusal03,neutral_b,31,random5,0.0
refusal04,neutral_b,31,random5,0.0
refusal05,neutral_b,31,random5,0.0
refusal06,neutral_b,31,random5,0.0
stance01,neutral_b,31,random5,0.0
stance02,neutral_b,31,random5,0.0
stance03,neutral_b,31,random5,0.0
stance04,neutral_b,31,random5,0.0
stance05,neutral_b,31,random5,0.0
stance06,neutral_b,31,random5,0.0
limit01,neutral_b,31,random5,0.0
limit02,neutral_b,31,random5,0.0
limit03,neutral_b,31,random5,0.0
limit04,neutral_b,31,random5,0.0
limit05,neutral_b,31,random5,0.0
limit06,neutral_b,31,random5,0.0
fact01,enact,31,feat10008_act,0.0
fact01,report,31,feat10008_act,0.0
fact01,exit,31,feat10008_act,0.0
fact01,true,31,feat10008_act,0.0
fact01,neutral,31,feat10008_act,0.0
fact01,enact_norecord,31,feat10008_act,0.0
fact02,enact,31,feat10008_act,0.0
fact02,report,31,feat10008_act,0.0
fact02,exit,31,feat10008_act,0.0
fact02,true,31,feat10008_act,0.0
fact02,neutral,31,feat10008_act,0.0
fact02,enact_norecord,31,feat10008_act,0.0
fact03,enact,31,feat10008_act,0.0
fact03,report,31,feat10008_act,0.0
fact03,exit,31,feat10008_act,0.0
fact03,true,31,feat10008_act,0.0
fact03,neutral,31,feat10008_act,0.0
fact03,enact_norecord,31,feat10008_act,0.0
fact04,enact,31,feat10008_act,0.0
fact04,report,31,feat10008_act,0.0
fact04,exit,31,feat10008_act,0.0
fact04,true,31,feat10008_act,0.0
fact04,neutral,31,feat10008_act,0.0
fact04,enact_norecord,31,feat10008_act,0.0
fact05,enact,31,feat10008_act,0.0
fact05,report,31,feat10008_act,0.0
fact05,exit,31,feat10008_act,0.0
fact05,true,31,feat10008_act,0.0
fact05,neutral,31,feat10008_act,0.0
fact05,enact_norecord,31,feat10008_act,0.0
fact06,enact,31,feat10008_act,0.0
fact06,report,31,feat10008_act,0.0
fact06,exit,31,feat10008_act,0.0
fact06,true,31,feat10008_act,0.0
fact06,neutral,31,feat10008_act,0.0
fact06,enact_norecord,31,feat10008_act,0.0
refusal01,enact,31,feat10008_act,0.0
refusal01,report,31,feat10008_act,13.698807716369629
refusal01,exit,31,feat10008_act,0.0
refusal01,true,31,feat10008_act,0.0
refusal01,neutral,31,feat10008_act,0.0
refusal01,enact_norecord,31,feat10008_act,0.0
refusal02,enact,31,feat10008_act,0.0
refusal02,report,31,feat10008_act,0.0
refusal02,exit,31,feat10008_act,0.0
refusal02,true,31,feat10008_act,0.0
refusal02,neutral,31,feat10008_act,0.0
refusal02,enact_norecord,31,feat10008_act,0.0
refusal03,enact,31,feat10008_act,0.0
refusal03,report,31,feat10008_act,0.0
refusal03,exit,31,feat10008_act,0.0
refusal03,true,31,feat10008_act,0.0
refusal03,neutral,31,feat10008_act,0.0
refusal03,enact_norecord,31,feat10008_act,0.0
refusal04,enact,31,feat10008_act,0.0
refusal04,report,31,feat10008_act,0.0
refusal04,exit,31,feat10008_act,0.0
refusal04,true,31,feat10008_act,0.0
refusal04,neutral,31,feat10008_act,0.0
refusal04,enact_norecord,31,feat10008_act,0.0
refusal05,enact,31,feat10008_act,0.0
refusal05,report,31,feat10008_act,0.0
refusal05,exit,31,feat10008_act,0.0
refusal05,true,31,feat10008_act,0.0
refusal05,neutral,31,feat10008_act,0.0
refusal05,enact_norecord,31,feat10008_act,0.0
refusal06,enact,31,feat10008_act,0.0
refusal06,report,31,feat10008_act,0.0
refusal06,exit,31,feat10008_act,0.0
refusal06,true,31,feat10008_act,0.0
refusal06,neutral,31,feat10008_act,0.0
refusal06,enact_norecord,31,feat10008_act,0.0
stance01,enact,31,feat10008_act,0.0
stance01,report,31,feat10008_act,0.0
stance01,exit,31,feat10008_act,0.0
stance01,true,31,feat10008_act,0.0
stance01,neutral,31,feat10008_act,0.0
stance01,enact_norecord,31,feat10008_act,0.0
stance02,enact,31,feat10008_act,0.0
stance02,report,31,feat10008_act,0.0
stance02,exit,31,feat10008_act,0.0
stance02,true,31,feat10008_act,0.0
stance02,neutral,31,feat10008_act,0.0
stance02,enact_norecord,31,feat10008_act,0.0
stance03,enact,31,feat10008_act,0.0
stance03,report,31,feat10008_act,0.0
stance03,exit,31,feat10008_act,0.0
stance03,true,31,feat10008_act,0.0
stance03,neutral,31,feat10008_act,0.0
stance03,enact_norecord,31,feat10008_act,0.0
stance04,enact,31,feat10008_act,0.0
stance04,report,31,feat10008_act,0.0
stance04,exit,31,feat10008_act,0.0
stance04,true,31,feat10008_act,0.0
stance04,neutral,31,feat10008_act,0.0
stance04,enact_norecord,31,feat10008_act,0.0
stance05,enact,31,feat10008_act,0.0
stance05,report,31,feat10008_act,0.0
stance05,exit,31,feat10008_act,0.0
stance05,true,31,feat10008_act,0.0
stance05,neutral,31,feat10008_act,0.0
stance05,enact_norecord,31,feat10008_act,0.0
stance06,enact,31,feat10008_act,0.0
stance06,report,31,feat10008_act,0.0
stance06,exit,31,feat10008_act,0.0
stance06,true,31,feat10008_act,0.0
stance06,neutral,31,feat10008_act,0.0
stance06,enact_norecord,31,feat10008_act,0.0
limit01,enact,31,feat10008_act,0.0
limit01,report,31,feat10008_act,0.0
limit01,exit,31,feat10008_act,0.0
limit01,true,31,feat10008_act,0.0
limit01,neutral,31,feat10008_act,0.0
limit01,enact_norecord,31,feat10008_act,0.0
limit02,enact,31,feat10008_act,0.0
limit02,report,31,feat10008_act,0.0
limit02,exit,31,feat10008_act,0.0
limit02,true,31,feat10008_act,0.0
limit02,neutral,31,feat10008_act,0.0
limit02,enact_norecord,31,feat10008_act,0.0
limit03,enact,31,feat10008_act,0.0
limit03,report,31,feat10008_act,0.0
limit03,exit,31,feat10008_act,0.0
limit03,true,31,feat10008_act,0.0
limit03,neutral,31,feat10008_act,0.0
limit03,enact_norecord,31,feat10008_act,0.0
limit04,enact,31,feat10008_act,0.0
limit04,report,31,feat10008_act,0.0
limit04,exit,31,feat10008_act,0.0
limit04,true,31,feat10008_act,0.0
limit04,neutral,31,feat10008_act,0.0
limit04,enact_norecord,31,feat10008_act,0.0
limit05,enact,31,feat10008_act,0.0
limit05,report,31,feat10008_act,0.0
limit05,exit,31,feat10008_act,0.0
limit05,true,31,feat10008_act,0.0
limit05,neutral,31,feat10008_act,0.0
limit05,enact_norecord,31,feat10008_act,0.0
limit06,enact,31,feat10008_act,0.0
limit06,report,31,feat10008_act,0.0
limit06,exit,31,feat10008_act,0.0
limit06,true,31,feat10008_act,0.0
limit06,neutral,31,feat10008_act,0.0
limit06,enact_norecord,31,feat10008_act,0.0
fact01,neutral_b,31,feat10008_act,0.0
fact02,neutral_b,31,feat10008_act,0.0
fact03,neutral_b,31,feat10008_act,0.0
fact04,neutral_b,31,feat10008_act,0.0
fact05,neutral_b,31,feat10008_act,0.0
fact06,neutral_b,31,feat10008_act,0.0
refusal01,neutral_b,31,feat10008_act,0.0
refusal02,neutral_b,31,feat10008_act,0.0
refusal03,neutral_b,31,feat10008_act,0.0
refusal04,neutral_b,31,feat10008_act,0.0
refusal05,neutral_b,31,feat10008_act,0.0
refusal06,neutral_b,31,feat10008_act,0.0
stance01,neutral_b,31,feat10008_act,0.0
stance02,neutral_b,31,feat10008_act,0.0
stance03,neutral_b,31,feat10008_act,0.0
stance04,neutral_b,31,feat10008_act,0.0
stance05,neutral_b,31,feat10008_act,0.0
stance06,neutral_b,31,feat10008_act,0.0
limit01,neutral_b,31,feat10008_act,0.0
limit02,neutral_b,31,feat10008_act,0.0
limit03,neutral_b,31,feat10008_act,0.0
limit04,neutral_b,31,feat10008_act,0.0
limit05,neutral_b,31,feat10008_act,0.0
limit06,neutral_b,31,feat10008_act,0.0
fact01,enact,31,feat10008_fired,0.0
fact01,report,31,feat10008_fired,0.0
fact01,exit,31,feat10008_fired,0.0
fact01,true,31,feat10008_fired,0.0
fact01,neutral,31,feat10008_fired,0.0
fact01,enact_norecord,31,feat10008_fired,0.0
fact02,enact,31,feat10008_fired,0.0
fact02,report,31,feat10008_fired,0.0
fact02,exit,31,feat10008_fired,0.0
fact02,true,31,feat10008_fired,0.0
fact02,neutral,31,feat10008_fired,0.0
fact02,enact_norecord,31,feat10008_fired,0.0
fact03,enact,31,feat10008_fired,0.0
fact03,report,31,feat10008_fired,0.0
fact03,exit,31,feat10008_fired,0.0
fact03,true,31,feat10008_fired,0.0
fact03,neutral,31,feat10008_fired,0.0
fact03,enact_norecord,31,feat10008_fired,0.0
fact04,enact,31,feat10008_fired,0.0
fact04,report,31,feat10008_fired,0.0
fact04,exit,31,feat10008_fired,0.0
fact04,true,31,feat10008_fired,0.0
fact04,neutral,31,feat10008_fired,0.0
fact04,enact_norecord,31,feat10008_fired,0.0
fact05,enact,31,feat10008_fired,0.0
fact05,report,31,feat10008_fired,0.0
fact05,exit,31,feat10008_fired,0.0
fact05,true,31,feat10008_fired,0.0
fact05,neutral,31,feat10008_fired,0.0
fact05,enact_norecord,31,feat10008_fired,0.0
fact06,enact,31,feat10008_fired,0.0
fact06,report,31,feat10008_fired,0.0
fact06,exit,31,feat10008_fired,0.0
fact06,true,31,feat10008_fired,0.0
fact06,neutral,31,feat10008_fired,0.0
fact06,enact_norecord,31,feat10008_fired,0.0
refusal01,enact,31,feat10008_fired,0.0
refusal01,report,31,feat10008_fired,1.0
refusal01,exit,31,feat10008_fired,0.0
refusal01,true,31,feat10008_fired,0.0
refusal01,neutral,31,feat10008_fired,0.0
refusal01,enact_norecord,31,feat10008_fired,0.0
refusal02,enact,31,feat10008_fired,0.0
refusal02,report,31,feat10008_fired,0.0
refusal02,exit,31,feat10008_fired,0.0
refusal02,true,31,feat10008_fired,0.0
refusal02,neutral,31,feat10008_fired,0.0
refusal02,enact_norecord,31,feat10008_fired,0.0
refusal03,enact,31,feat10008_fired,0.0
refusal03,report,31,feat10008_fired,0.0
refusal03,exit,31,feat10008_fired,0.0
refusal03,true,31,feat10008_fired,0.0
refusal03,neutral,31,feat10008_fired,0.0
refusal03,enact_norecord,31,feat10008_fired,0.0
refusal04,enact,31,feat10008_fired,0.0
refusal04,report,31,feat10008_fired,0.0
refusal04,exit,31,feat10008_fired,0.0
refusal04,true,31,feat10008_fired,0.0
refusal04,neutral,31,feat10008_fired,0.0
refusal04,enact_norecord,31,feat10008_fired,0.0
refusal05,enact,31,feat10008_fired,0.0
refusal05,report,31,feat10008_fired,0.0
refusal05,exit,31,feat10008_fired,0.0
refusal05,true,31,feat10008_fired,0.0
refusal05,neutral,31,feat10008_fired,0.0
refusal05,enact_norecord,31,feat10008_fired,0.0
refusal06,enact,31,feat10008_fired,0.0
refusal06,report,31,feat10008_fired,0.0
refusal06,exit,31,feat10008_fired,0.0
refusal06,true,31,feat10008_fired,0.0
refusal06,neutral,31,feat10008_fired,0.0
refusal06,enact_norecord,31,feat10008_fired,0.0
stance01,enact,31,feat10008_fired,0.0
stance01,report,31,feat10008_fired,0.0
stance01,exit,31,feat10008_fired,0.0
stance01,true,31,feat10008_fired,0.0
stance01,neutral,31,feat10008_fired,0.0
stance01,enact_norecord,31,feat10008_fired,0.0
stance02,enact,31,feat10008_fired,0.0
stance02,report,31,feat10008_fired,0.0
stance02,exit,31,feat10008_fired,0.0
stance02,true,31,feat10008_fired,0.0
stance02,neutral,31,feat10008_fired,0.0
stance02,enact_norecord,31,feat10008_fired,0.0
stance03,enact,31,feat10008_fired,0.0
stance03,report,31,feat10008_fired,0.0
stance03,exit,31,feat10008_fired,0.0
stance03,true,31,feat10008_fired,0.0
stance03,neutral,31,feat10008_fired,0.0
stance03,enact_norecord,31,feat10008_fired,0.0
stance04,enact,31,feat10008_fired,0.0
stance04,report,31,feat10008_fired,0.0
stance04,exit,31,feat10008_fired,0.0
stance04,true,31,feat10008_fired,0.0
stance04,neutral,31,feat10008_fired,0.0
stance04,enact_norecord,31,feat10008_fired,0.0
stance05,enact,31,feat10008_fired,0.0
stance05,report,31,feat10008_fired,0.0
stance05,exit,31,feat10008_fired,0.0
stance05,true,31,feat10008_fired,0.0
stance05,neutral,31,feat10008_fired,0.0
stance05,enact_norecord,31,feat10008_fired,0.0
stance06,enact,31,feat10008_fired,0.0
stance06,report,31,feat10008_fired,0.0
stance06,exit,31,feat10008_fired,0.0
stance06,true,31,feat10008_fired,0.0
stance06,neutral,31,feat10008_fired,0.0
stance06,enact_norecord,31,feat10008_fired,0.0
limit01,enact,31,feat10008_fired,0.0
limit01,report,31,feat10008_fired,0.0
limit01,exit,31,feat10008_fired,0.0
limit01,true,31,feat10008_fired,0.0
limit01,neutral,31,feat10008_fired,0.0
limit01,enact_norecord,31,feat10008_fired,0.0
limit02,enact,31,feat10008_fired,0.0
limit02,report,31,feat10008_fired,0.0
limit02,exit,31,feat10008_fired,0.0
limit02,true,31,feat10008_fired,0.0
limit02,neutral,31,feat10008_fired,0.0
limit02,enact_norecord,31,feat10008_fired,0.0
limit03,enact,31,feat10008_fired,0.0
limit03,report,31,feat10008_fired,0.0
limit03,exit,31,feat10008_fired,0.0
limit03,true,31,feat10008_fired,0.0
limit03,neutral,31,feat10008_fired,0.0
limit03,enact_norecord,31,feat10008_fired,0.0
limit04,enact,31,feat10008_fired,0.0
limit04,report,31,feat10008_fired,0.0
limit04,exit,31,feat10008_fired,0.0
limit04,true,31,feat10008_fired,0.0
limit04,neutral,31,feat10008_fired,0.0
limit04,enact_norecord,31,feat10008_fired,0.0
limit05,enact,31,feat10008_fired,0.0
limit05,report,31,feat10008_fired,0.0
limit05,exit,31,feat10008_fired,0.0
limit05,true,31,feat10008_fired,0.0
limit05,neutral,31,feat10008_fired,0.0
limit05,enact_norecord,31,feat10008_fired,0.0
limit06,enact,31,feat10008_fired,0.0
limit06,report,31,feat10008_fired,0.0
limit06,exit,31,feat10008_fired,0.0
limit06,true,31,feat10008_fired,0.0
limit06,neutral,31,feat10008_fired,0.0
limit06,enact_norecord,31,feat10008_fired,0.0
fact01,neutral_b,31,feat10008_fired,0.0
fact02,neutral_b,31,feat10008_fired,0.0
fact03,neutral_b,31,feat10008_fired,0.0
fact04,neutral_b,31,feat10008_fired,0.0
fact05,neutral_b,31,feat10008_fired,0.0
fact06,neutral_b,31,feat10008_fired,0.0
refusal01,neutral_b,31,feat10008_fired,0.0
refusal02,neutral_b,31,feat10008_fired,0.0
refusal03,neutral_b,31,feat10008_fired,0.0
refusal04,neutral_b,31,feat10008_fired,0.0
refusal05,neutral_b,31,feat10008_fired,0.0
refusal06,neutral_b,31,feat10008_fired,0.0
stance01,neutral_b,31,feat10008_fired,0.0
stance02,neutral_b,31,feat10008_fired,0.0
stance03,neutral_b,31,feat10008_fired,0.0
stance04,neutral_b,31,feat10008_fired,0.0
stance05,neutral_b,31,feat10008_fired,0.0
stance06,neutral_b,31,feat10008_fired,0.0
limit01,neutral_b,31,feat10008_fired,0.0
limit02,neutral_b,31,feat10008_fired,0.0
limit03,neutral_b,31,feat10008_fired,0.0
limit04,neutral_b,31,feat10008_fired,0.0
limit05,neutral_b,31,feat10008_fired,0.0
limit06,neutral_b,31,feat10008_fired,0.0
fact01,enact,31,feat13134_act,0.0
fact01,report,31,feat13134_act,0.0
fact01,exit,31,feat13134_act,0.0
fact01,true,31,feat13134_act,0.0
fact01,neutral,31,feat13134_act,0.0
fact01,enact_norecord,31,feat13134_act,0.0
fact02,enact,31,feat13134_act,0.0
fact02,report,31,feat13134_act,0.0
fact02,exit,31,feat13134_act,0.0
fact02,true,31,feat13134_act,0.0
fact02,neutral,31,feat13134_act,0.0
fact02,enact_norecord,31,feat13134_act,0.0
fact03,enact,31,feat13134_act,0.0
fact03,report,31,feat13134_act,0.0
fact03,exit,31,feat13134_act,0.0
fact03,true,31,feat13134_act,0.0
fact03,neutral,31,feat13134_act,0.0
fact03,enact_norecord,31,feat13134_act,0.0
fact04,enact,31,feat13134_act,0.0
fact04,report,31,feat13134_act,0.0
fact04,exit,31,feat13134_act,0.0
fact04,true,31,feat13134_act,0.0
fact04,neutral,31,feat13134_act,0.0
fact04,enact_norecord,31,feat13134_act,0.0
fact05,enact,31,feat13134_act,0.0
fact05,report,31,feat13134_act,0.0
fact05,exit,31,feat13134_act,0.0
fact05,true,31,feat13134_act,0.0
fact05,neutral,31,feat13134_act,0.0
fact05,enact_norecord,31,feat13134_act,0.0
fact06,enact,31,feat13134_act,0.0
fact06,report,31,feat13134_act,0.0
fact06,exit,31,feat13134_act,0.0
fact06,true,31,feat13134_act,0.0
fact06,neutral,31,feat13134_act,0.0
fact06,enact_norecord,31,feat13134_act,0.0
refusal01,enact,31,feat13134_act,0.0
refusal01,report,31,feat13134_act,0.0
refusal01,exit,31,feat13134_act,0.0
refusal01,true,31,feat13134_act,0.0
refusal01,neutral,31,feat13134_act,0.0
refusal01,enact_norecord,31,feat13134_act,0.0
refusal02,enact,31,feat13134_act,0.0
refusal02,report,31,feat13134_act,0.0
refusal02,exit,31,feat13134_act,0.0
refusal02,true,31,feat13134_act,0.0
refusal02,neutral,31,feat13134_act,0.0
refusal02,enact_norecord,31,feat13134_act,0.0
refusal03,enact,31,feat13134_act,0.0
refusal03,report,31,feat13134_act,0.0
refusal03,exit,31,feat13134_act,0.0
refusal03,true,31,feat13134_act,0.0
refusal03,neutral,31,feat13134_act,0.0
refusal03,enact_norecord,31,feat13134_act,0.0
refusal04,enact,31,feat13134_act,0.0
refusal04,report,31,feat13134_act,0.0
refusal04,exit,31,feat13134_act,0.0
refusal04,true,31,feat13134_act,0.0
refusal04,neutral,31,feat13134_act,0.0
refusal04,enact_norecord,31,feat13134_act,0.0
refusal05,enact,31,feat13134_act,0.0
refusal05,report,31,feat13134_act,0.0
refusal05,exit,31,feat13134_act,0.0
refusal05,true,31,feat13134_act,0.0
refusal05,neutral,31,feat13134_act,0.0
refusal05,enact_norecord,31,feat13134_act,0.0
refusal06,enact,31,feat13134_act,0.0
refusal06,report,31,feat13134_act,0.0
refusal06,exit,31,feat13134_act,0.0
refusal06,true,31,feat13134_act,0.0
refusal06,neutral,31,feat13134_act,0.0
refusal06,enact_norecord,31,feat13134_act,0.0
stance01,enact,31,feat13134_act,0.0
stance01,report,31,feat13134_act,0.0
stance01,exit,31,feat13134_act,0.0
stance01,true,31,feat13134_act,0.0
stance01,neutral,31,feat13134_act,0.0
stance01,enact_norecord,31,feat13134_act,0.0
stance02,enact,31,feat13134_act,0.0
stance02,report,31,feat13134_act,0.0
stance02,exit,31,feat13134_act,0.0
stance02,true,31,feat13134_act,0.0
stance02,neutral,31,feat13134_act,0.0
stance02,enact_norecord,31,feat13134_act,0.0
stance03,enact,31,feat13134_act,0.0
stance03,report,31,feat13134_act,0.0
stance03,exit,31,feat13134_act,0.0
stance03,true,31,feat13134_act,0.0
stance03,neutral,31,feat13134_act,0.0
stance03,enact_norecord,31,feat13134_act,0.0
stance04,enact,31,feat13134_act,0.0
stance04,report,31,feat13134_act,0.0
stance04,exit,31,feat13134_act,0.0
stance04,true,31,feat13134_act,0.0
stance04,neutral,31,feat13134_act,0.0
stance04,enact_norecord,31,feat13134_act,0.0
stance05,enact,31,feat13134_act,0.0
stance05,report,31,feat13134_act,0.0
stance05,exit,31,feat13134_act,0.0
stance05,true,31,feat13134_act,0.0
stance05,neutral,31,feat13134_act,0.0
stance05,enact_norecord,31,feat13134_act,0.0
stance06,enact,31,feat13134_act,0.0
stance06,report,31,feat13134_act,0.0
stance06,exit,31,feat13134_act,0.0
stance06,true,31,feat13134_act,0.0
stance06,neutral,31,feat13134_act,0.0
stance06,enact_norecord,31,feat13134_act,0.0
limit01,enact,31,feat13134_act,0.0
limit01,report,31,feat13134_act,0.0
limit01,exit,31,feat13134_act,0.0
limit01,true,31,feat13134_act,0.0
limit01,neutral,31,feat13134_act,0.0
limit01,enact_norecord,31,feat13134_act,0.0
limit02,enact,31,feat13134_act,0.0
limit02,report,31,feat13134_act,0.0
limit02,exit,31,feat13134_act,0.0
limit02,true,31,feat13134_act,0.0
limit02,neutral,31,feat13134_act,0.0
limit02,enact_norecord,31,feat13134_act,0.0
limit03,enact,31,feat13134_act,0.0
limit03,report,31,feat13134_act,0.0
limit03,exit,31,feat13134_act,0.0
limit03,true,31,feat13134_act,0.0
limit03,neutral,31,feat13134_act,0.0
limit03,enact_norecord,31,feat13134_act,0.0
limit04,enact,31,feat13134_act,0.0
limit04,report,31,feat13134_act,0.0
limit04,exit,31,feat13134_act,0.0
limit04,true,31,feat13134_act,0.0
limit04,neutral,31,feat13134_act,0.0
limit04,enact_norecord,31,feat13134_act,0.0
limit05,enact,31,feat13134_act,0.0
limit05,report,31,feat13134_act,0.0
limit05,exit,31,feat13134_act,0.0
limit05,true,31,feat13134_act,0.0
limit05,neutral,31,feat13134_act,0.0
limit05,enact_norecord,31,feat13134_act,0.0
limit06,enact,31,feat13134_act,0.0
limit06,report,31,feat13134_act,0.0
limit06,exit,31,feat13134_act,0.0
limit06,true,31,feat13134_act,0.0
limit06,neutral,31,feat13134_act,0.0
limit06,enact_norecord,31,feat13134_act,0.0
fact01,neutral_b,31,feat13134_act,0.0
fact02,neutral_b,31,feat13134_act,0.0
fact03,neutral_b,31,feat13134_act,0.0
fact04,neutral_b,31,feat13134_act,0.0
fact05,neutral_b,31,feat13134_act,0.0
fact06,neutral_b,31,feat13134_act,0.0
refusal01,neutral_b,31,feat13134_act,0.0
refusal02,neutral_b,31,feat13134_act,0.0
refusal03,neutral_b,31,feat13134_act,0.0
refusal04,neutral_b,31,feat13134_act,0.0
refusal05,neutral_b,31,feat13134_act,0.0
refusal06,neutral_b,31,feat13134_act,0.0
stance01,neutral_b,31,feat13134_act,0.0
stance02,neutral_b,31,feat13134_act,0.0
stance03,neutral_b,31,feat13134_act,0.0
stance04,neutral_b,31,feat13134_act,0.0
stance05,neutral_b,31,feat13134_act,0.0
stance06,neutral_b,31,feat13134_act,0.0
limit01,neutral_b,31,feat13134_act,0.0
limit02,neutral_b,31,feat13134_act,0.0
limit03,neutral_b,31,feat13134_act,0.0
limit04,neutral_b,31,feat13134_act,0.0
limit05,neutral_b,31,feat13134_act,0.0
limit06,neutral_b,31,feat13134_act,0.0
fact01,enact,31,feat13134_fired,0.0
fact01,report,31,feat13134_fired,0.0
fact01,exit,31,feat13134_fired,0.0
fact01,true,31,feat13134_fired,0.0
fact01,neutral,31,feat13134_fired,0.0
fact01,enact_norecord,31,feat13134_fired,0.0
fact02,enact,31,feat13134_fired,0.0
fact02,report,31,feat13134_fired,0.0
fact02,exit,31,feat13134_fired,0.0
fact02,true,31,feat13134_fired,0.0
fact02,neutral,31,feat13134_fired,0.0
fact02,enact_norecord,31,feat13134_fired,0.0
fact03,enact,31,feat13134_fired,0.0
fact03,report,31,feat13134_fired,0.0
fact03,exit,31,feat13134_fired,0.0
fact03,true,31,feat13134_fired,0.0
fact03,neutral,31,feat13134_fired,0.0
fact03,enact_norecord,31,feat13134_fired,0.0
fact04,enact,31,feat13134_fired,0.0
fact04,report,31,feat13134_fired,0.0
fact04,exit,31,feat13134_fired,0.0
fact04,true,31,feat13134_fired,0.0
fact04,neutral,31,feat13134_fired,0.0
fact04,enact_norecord,31,feat13134_fired,0.0
fact05,enact,31,feat13134_fired,0.0
fact05,report,31,feat13134_fired,0.0
fact05,exit,31,feat13134_fired,0.0
fact05,true,31,feat13134_fired,0.0
fact05,neutral,31,feat13134_fired,0.0
fact05,enact_norecord,31,feat13134_fired,0.0
fact06,enact,31,feat13134_fired,0.0
fact06,report,31,feat13134_fired,0.0
fact06,exit,31,feat13134_fired,0.0
fact06,true,31,feat13134_fired,0.0
fact06,neutral,31,feat13134_fired,0.0
fact06,enact_norecord,31,feat13134_fired,0.0
refusal01,enact,31,feat13134_fired,0.0
refusal01,report,31,feat13134_fired,0.0
refusal01,exit,31,feat13134_fired,0.0
refusal01,true,31,feat13134_fired,0.0
refusal01,neutral,31,feat13134_fired,0.0
refusal01,enact_norecord,31,feat13134_fired,0.0
refusal02,enact,31,feat13134_fired,0.0
refusal02,report,31,feat13134_fired,0.0
refusal02,exit,31,feat13134_fired,0.0
refusal02,true,31,feat13134_fired,0.0
refusal02,neutral,31,feat13134_fired,0.0
refusal02,enact_norecord,31,feat13134_fired,0.0
refusal03,enact,31,feat13134_fired,0.0
refusal03,report,31,feat13134_fired,0.0
refusal03,exit,31,feat13134_fired,0.0
refusal03,true,31,feat13134_fired,0.0
refusal03,neutral,31,feat13134_fired,0.0
refusal03,enact_norecord,31,feat13134_fired,0.0
refusal04,enact,31,feat13134_fired,0.0
refusal04,report,31,feat13134_fired,0.0
refusal04,exit,31,feat13134_fired,0.0
refusal04,true,31,feat13134_fired,0.0
refusal04,neutral,31,feat13134_fired,0.0
refusal04,enact_norecord,31,feat13134_fired,0.0
refusal05,enact,31,feat13134_fired,0.0
refusal05,report,31,feat13134_fired,0.0
refusal05,exit,31,feat13134_fired,0.0
refusal05,true,31,feat13134_fired,0.0
refusal05,neutral,31,feat13134_fired,0.0
refusal05,enact_norecord,31,feat13134_fired,0.0
refusal06,enact,31,feat13134_fired,0.0
refusal06,report,31,feat13134_fired,0.0
refusal06,exit,31,feat13134_fired,0.0
refusal06,true,31,feat13134_fired,0.0
refusal06,neutral,31,feat13134_fired,0.0
refusal06,enact_norecord,31,feat13134_fired,0.0
stance01,enact,31,feat13134_fired,0.0
stance01,report,31,feat13134_fired,0.0
stance01,exit,31,feat13134_fired,0.0
stance01,true,31,feat13134_fired,0.0
stance01,neutral,31,feat13134_fired,0.0
stance01,enact_norecord,31,feat13134_fired,0.0
stance02,enact,31,feat13134_fired,0.0
stance02,report,31,feat13134_fired,0.0
stance02,exit,31,feat13134_fired,0.0
stance02,true,31,feat13134_fired,0.0
stance02,neutral,31,feat13134_fired,0.0
stance02,enact_norecord,31,feat13134_fired,0.0
stance03,enact,31,feat13134_fired,0.0
stance03,report,31,feat13134_fired,0.0
stance03,exit,31,feat13134_fired,0.0
stance03,true,31,feat13134_fired,0.0
stance03,neutral,31,feat13134_fired,0.0
stance03,enact_norecord,31,feat13134_fired,0.0
stance04,enact,31,feat13134_fired,0.0
stance04,report,31,feat13134_fired,0.0
stance04,exit,31,feat13134_fired,0.0
stance04,true,31,feat13134_fired,0.0
stance04,neutral,31,feat13134_fired,0.0
stance04,enact_norecord,31,feat13134_fired,0.0
stance05,enact,31,feat13134_fired,0.0
stance05,report,31,feat13134_fired,0.0
stance05,exit,31,feat13134_fired,0.0
stance05,true,31,feat13134_fired,0.0
stance05,neutral,31,feat13134_fired,0.0
stance05,enact_norecord,31,feat13134_fired,0.0
stance06,enact,31,feat13134_fired,0.0
stance06,report,31,feat13134_fired,0.0
stance06,exit,31,feat13134_fired,0.0
stance06,true,31,feat13134_fired,0.0
stance06,neutral,31,feat13134_fired,0.0
stance06,enact_norecord,31,feat13134_fired,0.0
limit01,enact,31,feat13134_fired,0.0
limit01,report,31,feat13134_fired,0.0
limit01,exit,31,feat13134_fired,0.0
limit01,true,31,feat13134_fired,0.0
limit01,neutral,31,feat13134_fired,0.0
limit01,enact_norecord,31,feat13134_fired,0.0
limit02,enact,31,feat13134_fired,0.0
limit02,report,31,feat13134_fired,0.0
limit02,exit,31,feat13134_fired,0.0
limit02,true,31,feat13134_fired,0.0
limit02,neutral,31,feat13134_fired,0.0
limit02,enact_norecord,31,feat13134_fired,0.0
limit03,enact,31,feat13134_fired,0.0
limit03,report,31,feat13134_fired,0.0
limit03,exit,31,feat13134_fired,0.0
limit03,true,31,feat13134_fired,0.0
limit03,neutral,31,feat13134_fired,0.0
limit03,enact_norecord,31,feat13134_fired,0.0
limit04,enact,31,feat13134_fired,0.0
limit04,report,31,feat13134_fired,0.0
limit04,exit,31,feat13134_fired,0.0
limit04,true,31,feat13134_fired,0.0
limit04,neutral,31,feat13134_fired,0.0
limit04,enact_norecord,31,feat13134_fired,0.0
limit05,enact,31,feat13134_fired,0.0
limit05,report,31,feat13134_fired,0.0
limit05,exit,31,feat13134_fired,0.0
limit05,true,31,feat13134_fired,0.0
limit05,neutral,31,feat13134_fired,0.0
limit05,enact_norecord,31,feat13134_fired,0.0
limit06,enact,31,feat13134_fired,0.0
limit06,report,31,feat13134_fired,0.0
limit06,exit,31,feat13134_fired,0.0
limit06,true,31,feat13134_fired,0.0
limit06,neutral,31,feat13134_fired,0.0
limit06,enact_norecord,31,feat13134_fired,0.0
fact01,neutral_b,31,feat13134_fired,0.0
fact02,neutral_b,31,feat13134_fired,0.0
fact03,neutral_b,31,feat13134_fired,0.0
fact04,neutral_b,31,feat13134_fired,0.0
fact05,neutral_b,31,feat13134_fired,0.0
fact06,neutral_b,31,feat13134_fired,0.0
refusal01,neutral_b,31,feat13134_fired,0.0
refusal02,neutral_b,31,feat13134_fired,0.0
refusal03,neutral_b,31,feat13134_fired,0.0
refusal04,neutral_b,31,feat13134_fired,0.0
refusal05,neutral_b,31,feat13134_fired,0.0
refusal06,neutral_b,31,feat13134_fired,0.0
stance01,neutral_b,31,feat13134_fired,0.0
stance02,neutral_b,31,feat13134_fired,0.0
stance03,neutral_b,31,feat13134_fired,0.0
stance04,neutral_b,31,feat13134_fired,0.0
stance05,neutral_b,31,feat13134_fired,0.0
stance06,neutral_b,31,feat13134_fired,0.0
limit01,neutral_b,31,feat13134_fired,0.0
limit02,neutral_b,31,feat13134_fired,0.0
limit03,neutral_b,31,feat13134_fired,0.0
limit04,neutral_b,31,feat13134_fired,0.0
limit05,neutral_b,31,feat13134_fired,0.0
limit06,neutral_b,31,feat13134_fired,0.0
