model,extraction,dataset,layer,auc_vs_all_controls,auc_vs_neutral,auc_std
Gemma_2_9B_instruct,final_token,S1_1P,0,0.6814999999999999,0.742,0.057065751550295016
Gemma_2_9B_instruct,final_token,S1_1P,1,0.7775000000000001,0.7825,0.06076594440967736
Gemma_2_9B_instruct,final_token,S1_1P,2,0.7909999999999999,0.773,0.07180877383718512
Gemma_2_9B_instruct,final_token,S1_1P,3,0.8035,0.7819999999999999,0.07510991945142799
Gemma_2_9B_instruct,final_token,S1_1P,4,0.8380000000000001,0.7785,0.01519868415357067
Gemma_2_9B_instruct,final_token,S1_1P,5,0.794,0.7879999999999999,0.03672873534441392
Gemma_2_9B_instruct,final_token,S1_1P,6,0.8634999999999999,0.8219999999999998,0.026296387584609417
Gemma_2_9B_instruct,final_token,S1_1P,7,0.8795,0.826,0.04054010360124898
Gemma_2_9B_instruct,final_token,S1_1P,8,0.8985,0.8225,0.04864668539582115
Gemma_2_9B_instruct,final_token,S1_1P,9,0.9395,0.8485000000000001,0.030058276730378294
Gemma_2_9B_instruct,final_token,S1_1P,10,0.9545,0.858,0.02661766330841229
Gemma_2_9B_instruct,final_token,S1_1P,11,0.9445,0.8595,0.029171904291629636
Gemma_2_9B_instruct,final_token,S1_1P,12,0.9254999999999999,0.8585,0.025709920264364878
Gemma_2_9B_instruct,final_token,S1_1P,13,0.9235,0.8564999999999999,0.023216373532487775
Gemma_2_9B_instruct,final_token,S1_1P,14,0.9180000000000001,0.8604999999999998,0.027721832551258225
Gemma_2_9B_instruct,final_token,S1_1P,15,0.9119999999999999,0.8550000000000001,0.04163532154313211
Gemma_2_9B_instruct,final_token,S1_1P,16,0.907,0.8535,0.039793215502143035
Gemma_2_9B_instruct,final_token,S1_1P,17,0.9125000000000002,0.8565000000000002,0.03636619309193636
Gemma_2_9B_instruct,final_token,S1_1P,18,0.9019999999999999,0.859,0.04757625458146113
Gemma_2_9B_instruct,final_token,S1_1P,19,0.9029999999999999,0.857,0.029555033412263263
Gemma_2_9B_instruct,final_token,S1_1P,20,0.9010000000000001,0.8404999999999999,0.04051542915976582
Gemma_2_9B_instruct,final_token,S1_1P,21,0.9024999999999999,0.8290000000000001,0.0430406784333147
Gemma_2_9B_instruct,final_token,S1_1P,22,0.8965,0.8225,0.03861994303465504
Gemma_2_9B_instruct,final_token,S1_1P,23,0.8995000000000001,0.8135,0.03689173349139345
Gemma_2_9B_instruct,final_token,S1_1P,24,0.8939999999999999,0.8135,0.0337490740613724
Gemma_2_9B_instruct,final_token,S1_1P,25,0.9039999999999999,0.8130000000000001,0.03572814016989973
Gemma_2_9B_instruct,final_token,S1_1P,26,0.9199999999999999,0.819,0.03697972417420118
Gemma_2_9B_instruct,final_token,S1_1P,27,0.909,0.8229999999999998,0.041940433951021566
Gemma_2_9B_instruct,final_token,S1_1P,28,0.9225,0.8024999999999999,0.03380088756231113
Gemma_2_9B_instruct,final_token,S1_1P,29,0.931,0.8029999999999999,0.033637776383108324
Gemma_2_9B_instruct,final_token,S1_1P,30,0.9255000000000001,0.7969999999999999,0.0362767142944341
Gemma_2_9B_instruct,final_token,S1_1P,31,0.925,0.792,0.03657184709581948
Gemma_2_9B_instruct,final_token,S1_1P,32,0.9164999999999999,0.7995000000000001,0.0335633728936768
Gemma_2_9B_instruct,final_token,S1_1P,33,0.9219999999999999,0.807,0.03403674485023502
Gemma_2_9B_instruct,final_token,S1_1P,34,0.9265000000000001,0.8055,0.03227227912620988
Gemma_2_9B_instruct,final_token,S1_1P,35,0.9225,0.8045,0.03667424164178449
Gemma_2_9B_instruct,final_token,S1_1P,36,0.9189999999999999,0.808,0.035937445652132805
Gemma_2_9B_instruct,final_token,S1_1P,37,0.9215,0.8074999999999999,0.03750333318519836
Gemma_2_9B_instruct,final_token,S1_1P,38,0.9315,0.805,0.03378609181305233
Gemma_2_9B_instruct,final_token,S1_1P,39,0.9264999999999999,0.7969999999999999,0.0354471437495322
Gemma_2_9B_instruct,final_token,S1_1P,40,0.9259999999999999,0.7985,0.02918047292282974
Gemma_2_9B_instruct,final_token,S1_1P,41,0.9225,0.7985,0.03174114049620775
Gemma_2_9B_instruct,final_token,S1_3P,0,0.772,0.7674999999999998,0.06382397668588193
Gemma_2_9B_instruct,final_token,S1_3P,1,0.8130000000000001,0.8035,0.060630025564896516
Gemma_2_9B_instruct,final_token,S1_3P,2,0.8145,0.79,0.05290085065478626
Gemma_2_9B_instruct,final_token,S1_3P,3,0.8095000000000001,0.784,0.04305229378325855
Gemma_2_9B_instruct,final_token,S1_3P,4,0.796,0.7975,0.03558791929854847
Gemma_2_9B_instruct,final_token,S1_3P,5,0.8099999999999999,0.7899999999999999,0.044749301670528874
Gemma_2_9B_instruct,final_token,S1_3P,6,0.835,0.8265,0.023452078799117156
Gemma_2_9B_instruct,final_token,S1_3P,7,0.8305,0.8230000000000001,0.024413111231467395
Gemma_2_9B_instruct,final_token,S1_3P,8,0.8484999999999999,0.8019999999999999,0.02732215218462852
Gemma_2_9B_instruct,final_token,S1_3P,9,0.914,0.8140000000000001,0.03356337289367685
Gemma_2_9B_instruct,final_token,S1_3P,10,0.9099999999999999,0.8135000000000001,0.033203915431768025
Gemma_2_9B_instruct,final_token,S1_3P,11,0.9015000000000001,0.8195,0.04191061917939172
Gemma_2_9B_instruct,final_token,S1_3P,12,0.897,0.821,0.031835514759463196
Gemma_2_9B_instruct,final_token,S1_3P,13,0.893,0.8220000000000001,0.019065675964937627
Gemma_2_9B_instruct,final_token,S1_3P,14,0.9035,0.8205,0.025327850283827894
Gemma_2_9B_instruct,final_token,S1_3P,15,0.8975000000000002,0.8245000000000001,0.017958284996068018
Gemma_2_9B_instruct,final_token,S1_3P,16,0.9055,0.819,0.023205602771744535
Gemma_2_9B_instruct,final_token,S1_3P,17,0.909,0.8404999999999999,0.021482551058940876
Gemma_2_9B_instruct,final_token,S1_3P,18,0.8915,0.834,0.024423349483639594
Gemma_2_9B_instruct,final_token,S1_3P,19,0.8895,0.833,0.02099999999999998
Gemma_2_9B_instruct,final_token,S1_3P,20,0.8905,0.833,0.025758493744782507
Gemma_2_9B_instruct,final_token,S1_3P,21,0.8805,0.8310000000000001,0.03171750305430745
Gemma_2_9B_instruct,final_token,S1_3P,22,0.8965,0.8205,0.02101190138945071
Gemma_2_9B_instruct,final_token,S1_3P,23,0.8869999999999999,0.8150000000000001,0.030058276730378294
Gemma_2_9B_instruct,final_token,S1_3P,24,0.8825,0.8159999999999998,0.029368350311176773
Gemma_2_9B_instruct,final_token,S1_3P,25,0.8734999999999999,0.8104999999999999,0.022505554869853846
Gemma_2_9B_instruct,final_token,S1_3P,26,0.866,0.8164999999999999,0.03080584360149874
Gemma_2_9B_instruct,final_token,S1_3P,27,0.851,0.8244999999999999,0.0308463936303744
Gemma_2_9B_instruct,final_token,S1_3P,28,0.8685,0.8009999999999999,0.029816103031751116
Gemma_2_9B_instruct,final_token,S1_3P,29,0.8800000000000001,0.805,0.03933827652554186
Gemma_2_9B_instruct,final_token,S1_3P,30,0.8734999999999999,0.7939999999999999,0.03932556420447138
Gemma_2_9B_instruct,final_token,S1_3P,31,0.8735000000000002,0.79,0.035341194094144594
Gemma_2_9B_instruct,final_token,S1_3P,32,0.865,0.7979999999999999,0.036674241641784525
Gemma_2_9B_instruct,final_token,S1_3P,33,0.8725000000000002,0.7945,0.03905124837953328
Gemma_2_9B_instruct,final_token,S1_3P,34,0.873,0.789,0.04514975082987726
Gemma_2_9B_instruct,final_token,S1_3P,35,0.868,0.7765,0.053113086899558015
Gemma_2_9B_instruct,final_token,S1_3P,36,0.866,0.7735000000000001,0.04334743360338647
Gemma_2_9B_instruct,final_token,S1_3P,37,0.8615,0.772,0.050487622245457345
Gemma_2_9B_instruct,final_token,S1_3P,38,0.868,0.776,0.04526035793053341
Gemma_2_9B_instruct,final_token,S1_3P,39,0.866,0.7735000000000001,0.04823380557244059
Gemma_2_9B_instruct,final_token,S1_3P,40,0.8845000000000001,0.7799999999999999,0.04360045871318331
Gemma_2_9B_instruct,final_token,S1_3P,41,0.8774999999999998,0.7854999999999999,0.04972423956180729
Gemma_2_9B_instruct,final_token,S2_1P,0,0.826,0.7995,0.03242684073418196
Gemma_2_9B_instruct,final_token,S2_1P,1,0.8764999999999998,0.829,0.013472193585307523
Gemma_2_9B_instruct,final_token,S2_1P,2,0.8714999999999999,0.8210000000000001,0.0117898261225516
Gemma_2_9B_instruct,final_token,S2_1P,3,0.8504999999999999,0.8074999999999999,0.01691153452528774
Gemma_2_9B_instruct,final_token,S2_1P,4,0.8685,0.8210000000000001,0.022282279955157195
Gemma_2_9B_instruct,final_token,S2_1P,5,0.8550000000000001,0.826,0.03674234614174767
Gemma_2_9B_instruct,final_token,S2_1P,6,0.8895000000000002,0.8405000000000001,0.03582596823534572
Gemma_2_9B_instruct,final_token,S2_1P,7,0.882,0.8465,0.03838619543533848
Gemma_2_9B_instruct,final_token,S2_1P,8,0.8995,0.8574999999999999,0.0242074368738204
Gemma_2_9B_instruct,final_token,S2_1P,9,0.9245000000000001,0.9029999999999999,0.021354156504062624
Gemma_2_9B_instruct,final_token,S2_1P,10,0.9375,0.9255000000000001,0.025739075352467493
Gemma_2_9B_instruct,final_token,S2_1P,11,0.951,0.9265000000000001,0.015779733838059497
Gemma_2_9B_instruct,final_token,S2_1P,12,0.9469999999999998,0.9149999999999998,0.021177818584547398
Gemma_2_9B_instruct,final_token,S2_1P,13,0.9365,0.9200000000000002,0.03611094017053557
Gemma_2_9B_instruct,final_token,S2_1P,14,0.9345000000000001,0.9145000000000001,0.03596526101670888
Gemma_2_9B_instruct,final_token,S2_1P,15,0.9339999999999999,0.907,0.044877611344633764
Gemma_2_9B_instruct,final_token,S2_1P,16,0.9490000000000001,0.8985,0.03219472006401051
Gemma_2_9B_instruct,final_token,S2_1P,17,0.9480000000000001,0.9025000000000001,0.0353694783676548
Gemma_2_9B_instruct,final_token,S2_1P,18,0.959,0.9,0.02853068523537423
Gemma_2_9B_instruct,final_token,S2_1P,19,0.9574999999999999,0.9025000000000001,0.02724885318687741
Gemma_2_9B_instruct,final_token,S2_1P,20,0.9545,0.905,0.028609439001839904
Gemma_2_9B_instruct,final_token,S2_1P,21,0.959,0.9029999999999999,0.027775888824662295
Gemma_2_9B_instruct,final_token,S2_1P,22,0.952,0.889,0.027991070004556775
Gemma_2_9B_instruct,final_token,S2_1P,23,0.9585000000000001,0.8959999999999999,0.030108138434649188
Gemma_2_9B_instruct,final_token,S2_1P,24,0.9600000000000002,0.901,0.025495097567963938
Gemma_2_9B_instruct,final_token,S2_1P,25,0.9640000000000001,0.9029999999999999,0.0220567450001128
Gemma_2_9B_instruct,final_token,S2_1P,26,0.9744999999999999,0.917,0.020820662813656986
Gemma_2_9B_instruct,final_token,S2_1P,27,0.9734999999999999,0.923,0.02808914381037626
Gemma_2_9B_instruct,final_token,S2_1P,28,0.9724999999999999,0.9105000000000001,0.03020761493398642
Gemma_2_9B_instruct,final_token,S2_1P,29,0.9789999999999999,0.915,0.02337733945512195
Gemma_2_9B_instruct,final_token,S2_1P,30,0.9844999999999999,0.915,0.019836834424877353
Gemma_2_9B_instruct,final_token,S2_1P,31,0.9865,0.9095000000000001,0.015700318468107564
Gemma_2_9B_instruct,final_token,S2_1P,32,0.9844999999999999,0.901,0.017846568297574732
Gemma_2_9B_instruct,final_token,S2_1P,33,0.9904999999999999,0.8965,0.010653637876331246
Gemma_2_9B_instruct,final_token,S2_1P,34,0.9890000000000001,0.8924999999999998,0.00902773504263388
Gemma_2_9B_instruct,final_token,S2_1P,35,0.99,0.8955000000000002,0.008366600265340763
Gemma_2_9B_instruct,final_token,S2_1P,36,0.9894999999999999,0.9004999999999999,0.009407443861113427
Gemma_2_9B_instruct,final_token,S2_1P,37,0.992,0.9115,0.007314369419163888
Gemma_2_9B_instruct,final_token,S2_1P,38,0.9894999999999999,0.9215,0.007968688725254603
Gemma_2_9B_instruct,final_token,S2_1P,39,0.991,0.915,0.008154753215150055
Gemma_2_9B_instruct,final_token,S2_1P,40,0.992,0.9099999999999999,0.008860022573334687
Gemma_2_9B_instruct,final_token,S2_1P,41,0.991,0.9094999999999999,0.010319883720275124
Gemma_2_9B_instruct,final_token,S2_3P,0,0.8320000000000001,0.805,0.024413111231467412
Gemma_2_9B_instruct,final_token,S2_3P,1,0.898,0.841,0.01770593120962579
Gemma_2_9B_instruct,final_token,S2_3P,2,0.8935000000000001,0.827,0.024929901724635807
Gemma_2_9B_instruct,final_token,S2_3P,3,0.89,0.794,0.022858258901324882
Gemma_2_9B_instruct,final_token,S2_3P,4,0.885,0.8305,0.05079370039680117
Gemma_2_9B_instruct,final_token,S2_3P,5,0.8809999999999999,0.8305,0.040669398815325525
Gemma_2_9B_instruct,final_token,S2_3P,6,0.8725000000000002,0.8535,0.03811167800031902
Gemma_2_9B_instruct,final_token,S2_3P,7,0.8969999999999999,0.8515,0.03116087290176579
Gemma_2_9B_instruct,final_token,S2_3P,8,0.889,0.8535,0.02947880594596737
Gemma_2_9B_instruct,final_token,S2_3P,9,0.9045,0.866,0.030224162519414864
Gemma_2_9B_instruct,final_token,S2_3P,10,0.916,0.8835000000000001,0.02205674500011275
Gemma_2_9B_instruct,final_token,S2_3P,11,0.951,0.8859999999999999,0.016703293088490025
Gemma_2_9B_instruct,final_token,S2_3P,12,0.9475,0.8815,0.020916500663351902
Gemma_2_9B_instruct,final_token,S2_3P,13,0.938,0.877,0.034402034823539145
Gemma_2_9B_instruct,final_token,S2_3P,14,0.9430000000000002,0.867,0.03519232870953558
Gemma_2_9B_instruct,final_token,S2_3P,15,0.9390000000000001,0.8669999999999998,0.03530580688781946
Gemma_2_9B_instruct,final_token,S2_3P,16,0.945,0.8539999999999999,0.03605551275463991
Gemma_2_9B_instruct,final_token,S2_3P,17,0.9455,0.8505,0.03658551625985346
Gemma_2_9B_instruct,final_token,S2_3P,18,0.942,0.8390000000000001,0.03637993952716247
Gemma_2_9B_instruct,final_token,S2_3P,19,0.9475,0.8484999999999999,0.03438749772809881
Gemma_2_9B_instruct,final_token,S2_3P,20,0.95,0.857,0.032901367752724196
Gemma_2_9B_instruct,final_token,S2_3P,21,0.9505000000000001,0.8625,0.02614383292480274
Gemma_2_9B_instruct,final_token,S2_3P,22,0.953,0.8565000000000002,0.02288012237729512
Gemma_2_9B_instruct,final_token,S2_3P,23,0.943,0.845,0.02735872804060893
Gemma_2_9B_instruct,final_token,S2_3P,24,0.9475,0.8455,0.024899799195977453
Gemma_2_9B_instruct,final_token,S2_3P,25,0.9444999999999999,0.8344999999999999,0.025758493744782496
Gemma_2_9B_instruct,final_token,S2_3P,26,0.953,0.8469999999999999,0.021817424229271444
Gemma_2_9B_instruct,final_token,S2_3P,27,0.9555,0.857,0.021529050141610977
Gemma_2_9B_instruct,final_token,S2_3P,28,0.9515,0.8485000000000001,0.02477902338672773
Gemma_2_9B_instruct,final_token,S2_3P,29,0.9530000000000001,0.8675,0.023526580712037174
Gemma_2_9B_instruct,final_token,S2_3P,30,0.943,0.8675,0.02955503341226331
Gemma_2_9B_instruct,final_token,S2_3P,31,0.9445,0.8520000000000001,0.02652357441974968
Gemma_2_9B_instruct,final_token,S2_3P,32,0.9445,0.859,0.02471841418861653
Gemma_2_9B_instruct,final_token,S2_3P,33,0.9494999999999999,0.857,0.025465663156493706
Gemma_2_9B_instruct,final_token,S2_3P,34,0.9555,0.8620000000000001,0.013910427743243565
Gemma_2_9B_instruct,final_token,S2_3P,35,0.959,0.8554999999999999,0.009027735042633928
Gemma_2_9B_instruct,final_token,S2_3P,36,0.959,0.8545,0.011683321445547911
Gemma_2_9B_instruct,final_token,S2_3P,37,0.9644999999999999,0.8655000000000002,0.009924716620639627
Gemma_2_9B_instruct,final_token,S2_3P,38,0.9614999999999998,0.875,0.01220655561573371
Gemma_2_9B_instruct,final_token,S2_3P,39,0.9644999999999999,0.8745,0.01812456896039186
Gemma_2_9B_instruct,final_token,S2_3P,40,0.9594999999999999,0.8714999999999999,0.022549944567559363
Gemma_2_9B_instruct,final_token,S2_3P,41,0.9594999999999999,0.8779999999999999,0.025317977802344314
Gemma_2_9B_instruct,mean,S1_1P,0,0.8185,0.771,0.034300145772285004
Gemma_2_9B_instruct,mean,S1_1P,1,0.8434999999999999,0.7915000000000001,0.03669468626381752
Gemma_2_9B_instruct,mean,S1_1P,2,0.844,0.8019999999999999,0.03699999999999999
Gemma_2_9B_instruct,mean,S1_1P,3,0.8459999999999999,0.79,0.040577087130546974
Gemma_2_9B_instruct,mean,S1_1P,4,0.8575000000000002,0.7945,0.046930800121029244
Gemma_2_9B_instruct,mean,S1_1P,5,0.861,0.8045,0.057870545184921185
Gemma_2_9B_instruct,mean,S1_1P,6,0.8765000000000001,0.8084999999999999,0.04973932046178357
Gemma_2_9B_instruct,mean,S1_1P,7,0.8785000000000001,0.808,0.04501666358138948
Gemma_2_9B_instruct,mean,S1_1P,8,0.8945000000000001,0.826,0.05341816170554729
Gemma_2_9B_instruct,mean,S1_1P,9,0.922,0.837,0.04075536774462961
Gemma_2_9B_instruct,mean,S1_1P,10,0.93,0.8280000000000001,0.032863353450309954
Gemma_2_9B_instruct,mean,S1_1P,11,0.925,0.8285,0.03346640106136301
Gemma_2_9B_instruct,mean,S1_1P,12,0.9259999999999999,0.834,0.027322152184628502
Gemma_2_9B_instruct,mean,S1_1P,13,0.9279999999999999,0.8394999999999999,0.029171904291629636
Gemma_2_9B_instruct,mean,S1_1P,14,0.9135,0.8324999999999999,0.03084639363037437
Gemma_2_9B_instruct,mean,S1_1P,15,0.9244999999999999,0.829,0.02623928352680383
Gemma_2_9B_instruct,mean,S1_1P,16,0.9215,0.836,0.03404408906109835
Gemma_2_9B_instruct,mean,S1_1P,17,0.9215,0.8415000000000001,0.03060228749619871
Gemma_2_9B_instruct,mean,S1_1P,18,0.9229999999999998,0.8375,0.03210918871600468
Gemma_2_9B_instruct,mean,S1_1P,19,0.9254999999999999,0.8400000000000001,0.030058276730378246
Gemma_2_9B_instruct,mean,S1_1P,20,0.9265000000000001,0.8409999999999999,0.03258066911528981
Gemma_2_9B_instruct,mean,S1_1P,21,0.932,0.8424999999999999,0.03218695387886216
Gemma_2_9B_instruct,mean,S1_1P,22,0.9315,0.8379999999999999,0.03180408778757845
Gemma_2_9B_instruct,mean,S1_1P,23,0.937,0.8379999999999999,0.030716445106815354
Gemma_2_9B_instruct,mean,S1_1P,24,0.931,0.8389999999999999,0.03386000590667403
Gemma_2_9B_instruct,mean,S1_1P,25,0.9414999999999999,0.8414999999999999,0.02596150997149436
Gemma_2_9B_instruct,mean,S1_1P,26,0.937,0.8425,0.028169132042006526
Gemma_2_9B_instruct,mean,S1_1P,27,0.931,0.8345,0.0277758888246623
Gemma_2_9B_instruct,mean,S1_1P,28,0.9375,0.8324999999999999,0.020796634343085443
Gemma_2_9B_instruct,mean,S1_1P,29,0.9389999999999998,0.833,0.022505554869853766
Gemma_2_9B_instruct,mean,S1_1P,30,0.943,0.835,0.020700241544484434
Gemma_2_9B_instruct,mean,S1_1P,31,0.9399999999999998,0.8365,0.02144761058952721
Gemma_2_9B_instruct,mean,S1_1P,32,0.9400000000000001,0.8385,0.018234582528810443
Gemma_2_9B_instruct,mean,S1_1P,33,0.93,0.8385,0.015247950681976898
Gemma_2_9B_instruct,mean,S1_1P,34,0.9279999999999999,0.8390000000000001,0.016232683080747944
Gemma_2_9B_instruct,mean,S1_1P,35,0.929,0.8385,0.013379088160259626
Gemma_2_9B_instruct,mean,S1_1P,36,0.93,0.8400000000000001,0.014404860290887885
Gemma_2_9B_instruct,mean,S1_1P,37,0.9295,0.8430000000000002,0.0175641680702503
Gemma_2_9B_instruct,mean,S1_1P,38,0.9315,0.8440000000000001,0.01827566688249703
Gemma_2_9B_instruct,mean,S1_1P,39,0.9369999999999999,0.843,0.02070024154448445
Gemma_2_9B_instruct,mean,S1_1P,40,0.9309999999999998,0.8465,0.01972308292331601
Gemma_2_9B_instruct,mean,S1_1P,41,0.9289999999999999,0.8405000000000001,0.01901315334183157
Gemma_2_9B_instruct,mean,S1_3P,0,0.85,0.8234999999999999,0.03650342449688796
Gemma_2_9B_instruct,mean,S1_3P,1,0.8660000000000002,0.8394999999999999,0.0332640947569598
Gemma_2_9B_instruct,mean,S1_3P,2,0.874,0.8430000000000002,0.04130980513146968
Gemma_2_9B_instruct,mean,S1_3P,3,0.869,0.836,0.036145539143855654
Gemma_2_9B_instruct,mean,S1_3P,4,0.866,0.837,0.03730281490718895
Gemma_2_9B_instruct,mean,S1_3P,5,0.8789999999999999,0.8335000000000001,0.03148809298766755
Gemma_2_9B_instruct,mean,S1_3P,6,0.8875,0.8424999999999999,0.036055512754639876
Gemma_2_9B_instruct,mean,S1_3P,7,0.8869999999999999,0.8385,0.04470458589451422
Gemma_2_9B_instruct,mean,S1_3P,8,0.8965,0.8455,0.04697339672623215
Gemma_2_9B_instruct,mean,S1_3P,9,0.9099999999999999,0.8535,0.03718198488515643
Gemma_2_9B_instruct,mean,S1_3P,10,0.9269999999999999,0.8535,0.02942787793912431
Gemma_2_9B_instruct,mean,S1_3P,11,0.921,0.8480000000000001,0.03164648479689329
Gemma_2_9B_instruct,mean,S1_3P,12,0.9225,0.8470000000000001,0.029748949561286996
Gemma_2_9B_instruct,mean,S1_3P,13,0.9199999999999999,0.8494999999999999,0.032210246816812796
Gemma_2_9B_instruct,mean,S1_3P,14,0.9135,0.8515,0.03296209944769905
Gemma_2_9B_instruct,mean,S1_3P,15,0.9255000000000001,0.8484999999999999,0.023473389188611006
Gemma_2_9B_instruct,mean,S1_3P,16,0.9149999999999998,0.8455,0.03588175023601835
Gemma_2_9B_instruct,mean,S1_3P,17,0.9335000000000001,0.8550000000000001,0.018479718612576294
Gemma_2_9B_instruct,mean,S1_3P,18,0.9315,0.8469999999999999,0.020408331631958553
Gemma_2_9B_instruct,mean,S1_3P,19,0.931,0.8460000000000001,0.021771541057077248
Gemma_2_9B_instruct,mean,S1_3P,20,0.9349999999999999,0.8435,0.01816590212458493
Gemma_2_9B_instruct,mean,S1_3P,21,0.9355,0.845,0.01576388277043443
Gemma_2_9B_instruct,mean,S1_3P,22,0.931,0.8455,0.017649362594722773
Gemma_2_9B_instruct,mean,S1_3P,23,0.924,0.841,0.011789826122551557
Gemma_2_9B_instruct,mean,S1_3P,24,0.922,0.841,0.010416333327999825
Gemma_2_9B_instruct,mean,S1_3P,25,0.9235,0.8485000000000001,0.011683321445547911
Gemma_2_9B_instruct,mean,S1_3P,26,0.9345000000000001,0.8394999999999999,0.014265342617687105
Gemma_2_9B_instruct,mean,S1_3P,27,0.9434999999999999,0.8469999999999999,0.022945587811167532
Gemma_2_9B_instruct,mean,S1_3P,28,0.9385,0.8484999999999999,0.019209372712298563
Gemma_2_9B_instruct,mean,S1_3P,29,0.95,0.852,0.02334523505985751
Gemma_2_9B_instruct,mean,S1_3P,30,0.9515,0.8510000000000002,0.0195320249846246
Gemma_2_9B_instruct,mean,S1_3P,31,0.9545,0.8530000000000001,0.018668154702594458
Gemma_2_9B_instruct,mean,S1_3P,32,0.954,0.8535,0.017720045146669337
Gemma_2_9B_instruct,mean,S1_3P,33,0.9535,0.8555000000000001,0.023054283766796992
Gemma_2_9B_instruct,mean,S1_3P,34,0.9555,0.8545,0.019836834424877367
Gemma_2_9B_instruct,mean,S1_3P,35,0.9550000000000001,0.8525,0.020371548787463323
Gemma_2_9B_instruct,mean,S1_3P,36,0.9555,0.853,0.019131126469708982
Gemma_2_9B_instruct,mean,S1_3P,37,0.9555,0.8564999999999999,0.02070024154448443
Gemma_2_9B_instruct,mean,S1_3P,38,0.9549999999999998,0.8595,0.02000000000000003
Gemma_2_9B_instruct,mean,S1_3P,39,0.9570000000000001,0.8559999999999999,0.018398369492974086
Gemma_2_9B_instruct,mean,S1_3P,40,0.9525,0.8515,0.015890248582070686
Gemma_2_9B_instruct,mean,S1_3P,41,0.951,0.8514999999999999,0.017720045146669347
Gemma_2_9B_instruct,mean,S2_1P,0,0.889,0.8045,0.033637776383108324
Gemma_2_9B_instruct,mean,S2_1P,1,0.891,0.8024999999999999,0.02956349099818899
Gemma_2_9B_instruct,mean,S2_1P,2,0.9025000000000001,0.7909999999999999,0.020676073128135346
Gemma_2_9B_instruct,mean,S2_1P,3,0.898,0.7925,0.02803569153775239
Gemma_2_9B_instruct,mean,S2_1P,4,0.9045,0.8140000000000001,0.027586228448267393
Gemma_2_9B_instruct,mean,S2_1P,5,0.908,0.835,0.036000000000000004
Gemma_2_9B_instruct,mean,S2_1P,6,0.9289999999999999,0.8400000000000001,0.029605742686174906
Gemma_2_9B_instruct,mean,S2_1P,7,0.9205,0.8440000000000001,0.030265491900843114
Gemma_2_9B_instruct,mean,S2_1P,8,0.932,0.866,0.027991070004556806
Gemma_2_9B_instruct,mean,S2_1P,9,0.9430000000000002,0.8805,0.026191601707417564
Gemma_2_9B_instruct,mean,S2_1P,10,0.9424999999999999,0.8829999999999998,0.024186773244895668
Gemma_2_9B_instruct,mean,S2_1P,11,0.945,0.876,0.030903074280724845
Gemma_2_9B_instruct,mean,S2_1P,12,0.9400000000000001,0.875,0.03248076353782342
Gemma_2_9B_instruct,mean,S2_1P,13,0.9440000000000002,0.8775000000000001,0.033037857073363534
Gemma_2_9B_instruct,mean,S2_1P,14,0.9484999999999999,0.8809999999999999,0.030356218473321102
Gemma_2_9B_instruct,mean,S2_1P,15,0.944,0.8795000000000002,0.03299999999999997
Gemma_2_9B_instruct,mean,S2_1P,16,0.9480000000000001,0.8885,0.027676705006196133
Gemma_2_9B_instruct,mean,S2_1P,17,0.958,0.9025000000000001,0.02309761892490217
Gemma_2_9B_instruct,mean,S2_1P,18,0.9594999999999999,0.8945000000000001,0.020880613017821084
Gemma_2_9B_instruct,mean,S2_1P,19,0.9484999999999999,0.9025000000000001,0.026057628441590774
Gemma_2_9B_instruct,mean,S2_1P,20,0.9505000000000001,0.9,0.024667792767088012
Gemma_2_9B_instruct,mean,S2_1P,21,0.9575000000000001,0.9,0.018234582528810432
Gemma_2_9B_instruct,mean,S2_1P,22,0.9559999999999998,0.8895,0.019078784028338888
Gemma_2_9B_instruct,mean,S2_1P,23,0.9584999999999999,0.8895000000000002,0.01940360791193226
Gemma_2_9B_instruct,mean,S2_1P,24,0.9635,0.8859999999999999,0.022561028345356938
Gemma_2_9B_instruct,mean,S2_1P,25,0.959,0.89,0.020530465167647834
Gemma_2_9B_instruct,mean,S2_1P,26,0.9584999999999999,0.906,0.01984943324127921
Gemma_2_9B_instruct,mean,S2_1P,27,0.9635,0.9015000000000001,0.01841195263952196
Gemma_2_9B_instruct,mean,S2_1P,28,0.9664999999999999,0.8975,0.013838352503098054
Gemma_2_9B_instruct,mean,S2_1P,29,0.9745000000000001,0.9030000000000001,0.011335784048754629
Gemma_2_9B_instruct,mean,S2_1P,30,0.9819999999999999,0.909,0.010885770528538605
Gemma_2_9B_instruct,mean,S2_1P,31,0.9814999999999999,0.9109999999999999,0.013564659966250512
Gemma_2_9B_instruct,mean,S2_1P,32,0.9804999999999999,0.9109999999999999,0.010885770528538601
Gemma_2_9B_instruct,mean,S2_1P,33,0.9834999999999999,0.9189999999999999,0.01319090595827287
Gemma_2_9B_instruct,mean,S2_1P,34,0.984,0.922,0.00956556323485453
Gemma_2_9B_instruct,mean,S2_1P,35,0.984,0.9215,0.011467344941179682
Gemma_2_9B_instruct,mean,S2_1P,36,0.9804999999999999,0.923,0.016232683080747882
Gemma_2_9B_instruct,mean,S2_1P,37,0.9795,0.9225,0.011554220008291321
Gemma_2_9B_instruct,mean,S2_1P,38,0.9799999999999999,0.924,0.010839741694339393
Gemma_2_9B_instruct,mean,S2_1P,39,0.9800000000000001,0.9265000000000001,0.011180339887498935
Gemma_2_9B_instruct,mean,S2_1P,40,0.9804999999999999,0.9265000000000001,0.010999999999999977
Gemma_2_9B_instruct,mean,S2_1P,41,0.978,0.925,0.015280706789936094
Gemma_2_9B_instruct,mean,S2_3P,0,0.8965,0.8195,0.03544714374953218
Gemma_2_9B_instruct,mean,S2_3P,1,0.8939999999999999,0.8135,0.040730823708832554
Gemma_2_9B_instruct,mean,S2_3P,2,0.9039999999999999,0.7889999999999999,0.033037857073363604
Gemma_2_9B_instruct,mean,S2_3P,3,0.908,0.794,0.03533411948810946
Gemma_2_9B_instruct,mean,S2_3P,4,0.9065,0.8099999999999999,0.0319609136289938
Gemma_2_9B_instruct,mean,S2_3P,5,0.906,0.833,0.0421781934179263
Gemma_2_9B_instruct,mean,S2_3P,6,0.915,0.8290000000000001,0.04095729483254479
Gemma_2_9B_instruct,mean,S2_3P,7,0.924,0.8274999999999999,0.03448187929913334
Gemma_2_9B_instruct,mean,S2_3P,8,0.9315000000000001,0.8515,0.022781571499789037
Gemma_2_9B_instruct,mean,S2_3P,9,0.938,0.8634999999999999,0.020820662813657045
Gemma_2_9B_instruct,mean,S2_3P,10,0.938,0.865,0.023895606290697015
Gemma_2_9B_instruct,mean,S2_3P,11,0.9339999999999999,0.8560000000000001,0.01471393896956214
Gemma_2_9B_instruct,mean,S2_3P,12,0.9420000000000002,0.8594999999999999,0.0171318416990118
Gemma_2_9B_instruct,mean,S2_3P,13,0.9390000000000001,0.859,0.023162469643800993
Gemma_2_9B_instruct,mean,S2_3P,14,0.9385,0.867,0.02194310825749169
Gemma_2_9B_instruct,mean,S2_3P,15,0.9434999999999999,0.8654999999999999,0.02136586061922148
Gemma_2_9B_instruct,mean,S2_3P,16,0.9415000000000001,0.8765000000000001,0.01953202498462462
Gemma_2_9B_instruct,mean,S2_3P,17,0.9465,0.8819999999999999,0.015937377450509247
Gemma_2_9B_instruct,mean,S2_3P,18,0.9475,0.8785000000000001,0.018096961070853842
Gemma_2_9B_instruct,mean,S2_3P,19,0.9375,0.8785000000000001,0.022748626332154652
Gemma_2_9B_instruct,mean,S2_3P,20,0.9390000000000001,0.877,0.020591260281974
Gemma_2_9B_instruct,mean,S2_3P,21,0.9435,0.883,0.01743559577416271
Gemma_2_9B_instruct,mean,S2_3P,22,0.942,0.8795,0.01511621645783092
Gemma_2_9B_instruct,mean,S2_3P,23,0.9455,0.876,0.016688319268278615
Gemma_2_9B_instruct,mean,S2_3P,24,0.9460000000000001,0.8724999999999999,0.019013153341831512
Gemma_2_9B_instruct,mean,S2_3P,25,0.942,0.8655000000000002,0.02425901894141636
Gemma_2_9B_instruct,mean,S2_3P,26,0.9490000000000001,0.8789999999999999,0.015937377450509205
Gemma_2_9B_instruct,mean,S2_3P,27,0.95,0.8744999999999999,0.019811612756158913
Gemma_2_9B_instruct,mean,S2_3P,28,0.952,0.8705,0.014177446878757792
Gemma_2_9B_instruct,mean,S2_3P,29,0.9595,0.8724999999999999,0.011335784048754613
Gemma_2_9B_instruct,mean,S2_3P,30,0.9604999999999999,0.8765000000000001,0.014352700094407256
Gemma_2_9B_instruct,mean,S2_3P,31,0.9620000000000001,0.8775000000000001,0.009924716620639581
Gemma_2_9B_instruct,mean,S2_3P,32,0.959,0.8775000000000001,0.01007472083980495
Gemma_2_9B_instruct,mean,S2_3P,33,0.958,0.882,0.013546217184144027
Gemma_2_9B_instruct,mean,S2_3P,34,0.954,0.881,0.017507141400011524
Gemma_2_9B_instruct,mean,S2_3P,35,0.9559999999999998,0.877,0.016324827717314458
Gemma_2_9B_instruct,mean,S2_3P,36,0.9565000000000001,0.8809999999999999,0.017720045146669323
Gemma_2_9B_instruct,mean,S2_3P,37,0.9585000000000001,0.8789999999999999,0.014106735979665806
Gemma_2_9B_instruct,mean,S2_3P,38,0.953,0.8775000000000001,0.014781745499094506
Gemma_2_9B_instruct,mean,S2_3P,39,0.9560000000000001,0.8825,0.016170961628796193
Gemma_2_9B_instruct,mean,S2_3P,40,0.9595,0.891,0.014781745499094466
Gemma_2_9B_instruct,mean,S2_3P,41,0.959,0.8960000000000001,0.016777961735562532
