layer,arm_a,arm_b,n,d_acts,d_acts_p,d_floor,d_floor_p,gain,gain_lo,gain_hi,gain_p,clears,in_window,holm_p,holm_clears,family
emb,exit,exit_c,24,0.2807,0.0,0.2807,0.0,0.0,0.0,0.0,1.0,0,0,1.0,0,prereg
emb,exit,exit_b,24,0.5862,0.0,0.5862,0.0,0.0,0.0,0.0,1.0,0,0,1.0,0,prereg
emb,exit_c,enact,24,-0.049,0.1448,-0.049,0.15,0.0,0.0,0.0,1.0,0,0,1.0,0,prereg
emb,enact,exit_b,24,0.3545,0.0,0.3545,0.0,0.0,0.0,0.0,1.0,0,0,,,continuity
emb,enact,exit_c,24,0.049,0.143,0.049,0.1498,0.0,0.0,0.0,1.0,0,0,,,continuity
emb,enact,exit,24,-0.2317,0.0,-0.2317,0.0,0.0,0.0,0.0,1.0,0,0,,,continuity
emb,neutral,neutral_b,24,-0.041,0.5642,-0.041,0.5596,0.0,0.0,0.0,1.0,0,0,,,floor
0,exit,exit_c,24,0.4797,0.0,0.2807,0.0,0.199,-0.0828,0.0824,0.0,1,0,0.0,1,prereg
0,exit,exit_b,24,1.2059,0.0,0.5862,0.0,0.6198,-0.2477,0.2471,0.0,1,0,0.0,1,prereg
0,exit_c,enact,24,0.3327,0.0002,-0.049,0.144,0.3817,-0.1807,0.1761,0.0,1,0,0.0,1,prereg
0,enact,exit_b,24,0.3936,0.0,0.3545,0.0,0.0391,-0.1147,0.1088,0.5022,0,0,,,continuity
0,enact,exit_c,24,-0.3327,0.0,0.049,0.1526,-0.3817,-0.1789,0.1813,0.0,1,0,,,continuity
0,enact,exit,24,-0.8123,0.0,-0.2317,0.0,-0.5807,-0.253,0.2507,0.0,1,0,,,continuity
0,neutral,neutral_b,24,0.1075,0.2198,-0.041,0.566,0.1485,-0.1137,0.1157,0.0088,1,0,,,floor
1,exit,exit_c,24,0.579,0.0,0.2807,0.0,0.2983,-0.1221,0.1213,0.0,1,0,0.0,1,prereg
1,exit,exit_b,24,1.8912,0.0,0.5862,0.0,1.3051,-0.5401,0.5284,0.0,1,0,0.0,1,prereg
1,exit_c,enact,24,0.2001,0.0048,-0.049,0.1474,0.2492,-0.1468,0.1418,0.0002,1,0,0.0002,1,prereg
1,enact,exit_b,24,1.1121,0.0,0.3545,0.0,0.7576,-0.323,0.3238,0.0,1,0,,,continuity
1,enact,exit_c,24,-0.2001,0.0038,0.049,0.1416,-0.2492,-0.149,0.1435,0.0002,1,0,,,continuity
1,enact,exit,24,-0.7791,0.0,-0.2317,0.0,-0.5474,-0.2456,0.244,0.0,1,0,,,continuity
1,neutral,neutral_b,24,0.2018,0.0652,-0.041,0.5778,0.2428,-0.1696,0.1721,0.0028,1,0,,,floor
2,exit,exit_c,24,0.4377,0.0,0.2807,0.0,0.157,-0.065,0.0682,0.0,1,0,0.0,1,prereg
2,exit,exit_b,24,1.6882,0.0,0.5862,0.0,1.102,-0.4487,0.4489,0.0,1,0,0.0,1,prereg
2,exit_c,enact,24,0.2902,0.0,-0.049,0.146,0.3392,-0.1788,0.173,0.0,1,0,0.0,1,prereg
2,enact,exit_b,24,0.9603,0.0,0.3545,0.0,0.6058,-0.2623,0.2549,0.0,1,0,,,continuity
2,enact,exit_c,24,-0.2902,0.0,0.049,0.1542,-0.3392,-0.1758,0.1728,0.0,1,0,,,continuity
2,enact,exit,24,-0.7279,0.0,-0.2317,0.0,-0.4963,-0.2274,0.2238,0.0,1,0,,,continuity
2,neutral,neutral_b,24,0.177,0.1036,-0.041,0.5574,0.218,-0.1664,0.1713,0.0072,1,0,,,floor
3,exit,exit_c,24,0.443,0.0,0.2807,0.0,0.1623,-0.0698,0.07,0.0,1,0,0.0,1,prereg
3,exit,exit_b,24,1.5816,0.0,0.5862,0.0,0.9954,-0.4031,0.4073,0.0,1,0,0.0,1,prereg
3,exit_c,enact,24,0.2716,0.0,-0.049,0.1472,0.3206,-0.1609,0.1628,0.0,1,0,0.0,1,prereg
3,enact,exit_b,24,0.8669,0.0,0.3545,0.0,0.5124,-0.2214,0.2178,0.0,1,0,,,continuity
3,enact,exit_c,24,-0.2716,0.0,0.049,0.149,-0.3206,-0.1611,0.1644,0.0,1,0,,,continuity
3,enact,exit,24,-0.7146,0.0,-0.2317,0.0,-0.4829,-0.2145,0.2177,0.0,1,0,,,continuity
3,neutral,neutral_b,24,0.0813,0.4084,-0.041,0.561,0.1223,-0.16,0.1614,0.141,0,0,,,floor
4,exit,exit_c,24,1.1892,0.0,0.2807,0.0,0.9085,-0.3753,0.3797,0.0,1,0,0.0,1,prereg
4,exit,exit_b,24,2.1511,0.0,0.5862,0.0,1.5649,-0.6383,0.647,0.0,1,0,0.0,1,prereg
4,exit_c,enact,24,0.1693,0.0008,-0.049,0.1476,0.2183,-0.1153,0.1183,0.0,1,0,0.0,1,prereg
4,enact,exit_b,24,0.7926,0.0,0.3545,0.0,0.4381,-0.1892,0.1907,0.0,1,0,,,continuity
4,enact,exit_c,24,-0.1693,0.0014,0.049,0.1462,-0.2183,-0.1193,0.1151,0.0002,1,0,,,continuity
4,enact,exit,24,-1.3585,0.0,-0.2317,0.0,-1.1268,-0.4841,0.4894,0.0,1,0,,,continuity
4,neutral,neutral_b,24,0.1724,0.1224,-0.041,0.5832,0.2134,-0.2062,0.2146,0.0468,1,0,,,floor
5,exit,exit_c,24,0.7078,0.0,0.2807,0.0,0.4271,-0.1937,0.1976,0.0,1,0,0.0,1,prereg
5,exit,exit_b,24,1.4881,0.0,0.5862,0.0,0.902,-0.3712,0.3829,0.0,1,0,0.0,1,prereg
5,exit_c,enact,24,0.2286,0.0,-0.049,0.1378,0.2776,-0.1252,0.1285,0.0,1,0,0.0,1,prereg
5,enact,exit_b,24,0.5517,0.0,0.3545,0.0,0.1973,-0.1029,0.1049,0.0,1,0,,,continuity
5,enact,exit_c,24,-0.2286,0.0,0.049,0.15,-0.2776,-0.1272,0.1295,0.0,1,0,,,continuity
5,enact,exit,24,-0.9364,0.0,-0.2317,0.0,-0.7047,-0.3066,0.3114,0.0,1,0,,,continuity
5,neutral,neutral_b,24,0.1775,0.098,-0.041,0.5774,0.2185,-0.2017,0.208,0.035,1,0,,,floor
6,exit,exit_c,24,0.6605,0.0,0.2807,0.0,0.3798,-0.1744,0.1751,0.0,1,0,0.0,1,prereg
6,exit,exit_b,24,1.4172,0.0,0.5862,0.0,0.831,-0.3405,0.3483,0.0,1,0,0.0,1,prereg
6,exit_c,enact,24,0.2159,0.0,-0.049,0.1536,0.2649,-0.1252,0.1249,0.0,1,0,0.0,1,prereg
6,enact,exit_b,24,0.5408,0.0,0.3545,0.0,0.1864,-0.0995,0.1008,0.0,1,0,,,continuity
6,enact,exit_c,24,-0.2159,0.0,0.049,0.149,-0.2649,-0.1221,0.1252,0.0,1,0,,,continuity
6,enact,exit,24,-0.8764,0.0,-0.2317,0.0,-0.6447,-0.2895,0.2811,0.0,1,0,,,continuity
6,neutral,neutral_b,24,0.1457,0.0778,-0.041,0.562,0.1867,-0.1803,0.1811,0.0428,1,0,,,floor
7,exit,exit_c,24,0.3722,0.0,0.2807,0.0,0.0915,-0.0627,0.0612,0.0024,1,0,0.0048,1,prereg
7,exit,exit_b,24,0.7806,0.0,0.5862,0.0,0.1944,-0.0979,0.1,0.0,1,0,0.0,1,prereg
7,exit_c,enact,24,0.0513,0.068,-0.049,0.1474,0.1003,-0.0775,0.0757,0.0074,1,0,0.0074,1,prereg
7,enact,exit_b,24,0.3571,0.0,0.3545,0.0,0.0026,-0.0625,0.0589,0.934,0,0,,,continuity
7,enact,exit_c,24,-0.0513,0.068,0.049,0.148,-0.1003,-0.0771,0.0788,0.0108,1,0,,,continuity
7,enact,exit,24,-0.4235,0.0,-0.2317,0.0,-0.1918,-0.1073,0.1102,0.0,1,0,,,continuity
7,neutral,neutral_b,24,0.0832,0.345,-0.041,0.5634,0.1242,-0.1857,0.1889,0.2056,0,0,,,floor
8,exit,exit_c,24,0.3725,0.0,0.2807,0.0,0.0918,-0.0557,0.06,0.001,1,0,0.001,1,prereg
8,exit,exit_b,24,1.0438,0.0,0.5862,0.0,0.4576,-0.1998,0.1954,0.0,1,0,0.0,1,prereg
8,exit_c,enact,24,0.4205,0.0,-0.049,0.1476,0.4695,-0.2034,0.21,0.0,1,0,0.0,1,prereg
8,enact,exit_b,24,0.2508,0.0,0.3545,0.0,-0.1037,-0.103,0.1015,0.0472,1,0,,,continuity
8,enact,exit_c,24,-0.4205,0.0,0.049,0.149,-0.4695,-0.2067,0.2079,0.0,1,0,,,continuity
8,enact,exit,24,-0.793,0.0,-0.2317,0.0,-0.5614,-0.2514,0.2502,0.0,1,0,,,continuity
8,neutral,neutral_b,24,0.1402,0.1556,-0.041,0.5634,0.1812,-0.1939,0.1939,0.0642,0,0,,,floor
9,exit,exit_c,24,0.3414,0.0,0.2807,0.0,0.0607,-0.0407,0.0401,0.0022,1,0,0.0022,1,prereg
9,exit,exit_b,24,0.442,0.0,0.5862,0.0,-0.1442,-0.0786,0.0799,0.0,1,0,0.0,1,prereg
9,exit_c,enact,24,0.3961,0.0,-0.049,0.1474,0.4451,-0.1933,0.1972,0.0,1,0,0.0,1,prereg
9,enact,exit_b,24,-0.2954,0.0,0.3545,0.0,-0.6499,-0.2784,0.2764,0.0,1,0,,,continuity
9,enact,exit_c,24,-0.3961,0.0,0.049,0.1402,-0.4451,-0.1939,0.1954,0.0,1,0,,,continuity
9,enact,exit,24,-0.7374,0.0,-0.2317,0.0,-0.5057,-0.2172,0.2163,0.0,1,0,,,continuity
9,neutral,neutral_b,24,0.0053,0.9302,-0.041,0.5712,0.0462,-0.1674,0.1722,0.6122,0,0,,,floor
10,exit,exit_c,24,0.2092,0.0,0.2807,0.0,-0.0715,-0.0519,0.0507,0.0022,1,1,0.0044,1,prereg
10,exit,exit_b,24,0.5664,0.0,0.5862,0.0,-0.0198,-0.0546,0.0516,0.4814,0,1,0.4814,0,prereg
10,exit_c,enact,24,0.3102,0.0,-0.049,0.1486,0.3592,-0.1662,0.1637,0.0,1,1,0.0,1,prereg
10,enact,exit_b,24,0.047,0.1696,0.3545,0.0,-0.3075,-0.14,0.1391,0.0,1,1,,,continuity
10,enact,exit_c,24,-0.3102,0.0,0.049,0.1438,-0.3592,-0.163,0.1596,0.0,1,1,,,continuity
10,enact,exit,24,-0.5194,0.0,-0.2317,0.0,-0.2877,-0.1449,0.1411,0.0002,1,1,,,continuity
10,neutral,neutral_b,24,0.1176,0.0392,-0.041,0.5664,0.1585,-0.1463,0.1512,0.0374,1,1,,,floor
11,exit,exit_c,24,0.2539,0.0,0.2807,0.0,-0.0268,-0.0427,0.0421,0.2312,0,1,0.2312,0,prereg
11,exit,exit_b,24,0.769,0.0,0.5862,0.0,0.1828,-0.102,0.103,0.0,1,1,0.0,1,prereg
11,exit_c,enact,24,0.4305,0.0,-0.049,0.1536,0.4795,-0.2281,0.2282,0.0,1,1,0.0,1,prereg
11,enact,exit_b,24,0.0846,0.089,0.3545,0.0,-0.2699,-0.1463,0.1566,0.0002,1,1,,,continuity
11,enact,exit_c,24,-0.4305,0.0,0.049,0.146,-0.4795,-0.2285,0.2347,0.0,1,1,,,continuity
11,enact,exit,24,-0.6844,0.0,-0.2317,0.0,-0.4527,-0.2391,0.2368,0.0,1,1,,,continuity
11,neutral,neutral_b,24,0.109,0.1346,-0.041,0.5684,0.15,-0.1635,0.1658,0.077,0,1,,,floor
12,exit,exit_c,24,0.634,0.0,0.2807,0.0,0.3533,-0.1509,0.1544,0.0,1,1,0.0,1,prereg
12,exit,exit_b,24,0.8854,0.0,0.5862,0.0,0.2993,-0.1339,0.1389,0.0,1,1,0.0,1,prereg
12,exit_c,enact,24,0.1929,0.0,-0.049,0.145,0.2419,-0.1387,0.1367,0.0,1,1,0.0,1,prereg
12,enact,exit_b,24,0.0585,0.1268,0.3545,0.0,-0.296,-0.1575,0.1594,0.0,1,1,,,continuity
12,enact,exit_c,24,-0.1929,0.0,0.049,0.1448,-0.2419,-0.1397,0.1379,0.0,1,1,,,continuity
12,enact,exit,24,-0.8269,0.0,-0.2317,0.0,-0.5952,-0.2617,0.2593,0.0,1,1,,,continuity
12,neutral,neutral_b,24,-0.0031,0.9626,-0.041,0.5732,0.0379,-0.1296,0.1312,0.589,0,1,,,floor
13,exit,exit_c,24,0.7003,0.0,0.2807,0.0,0.4196,-0.1846,0.1776,0.0,1,1,0.0,1,prereg
13,exit,exit_b,24,1.1723,0.0,0.5862,0.0,0.5861,-0.251,0.2559,0.0,1,1,0.0,1,prereg
13,exit_c,enact,24,0.4252,0.0,-0.049,0.1472,0.4742,-0.2212,0.2153,0.0,1,1,0.0,1,prereg
13,enact,exit_b,24,0.0469,0.292,0.3545,0.0,-0.3076,-0.1512,0.1498,0.0,1,1,,,continuity
13,enact,exit_c,24,-0.4252,0.0,0.049,0.1444,-0.4742,-0.2186,0.216,0.0,1,1,,,continuity
13,enact,exit,24,-1.1254,0.0,-0.2317,0.0,-0.8937,-0.3806,0.3867,0.0,1,1,,,continuity
13,neutral,neutral_b,24,-0.02,0.7694,-0.041,0.5766,0.021,-0.1489,0.1479,0.7932,0,1,,,floor
14,exit,exit_c,24,0.3153,0.0,0.2807,0.0,0.0346,-0.0721,0.07,0.3598,0,1,0.3598,0,prereg
14,exit,exit_b,24,0.8322,0.0,0.5862,0.0,0.246,-0.1286,0.1303,0.0,1,1,0.0,1,prereg
14,exit_c,enact,24,0.4673,0.0,-0.049,0.1496,0.5163,-0.2408,0.2383,0.0,1,1,0.0,1,prereg
14,enact,exit_b,24,0.0496,0.353,0.3545,0.0,-0.3049,-0.1496,0.1469,0.0,1,1,,,continuity
14,enact,exit_c,24,-0.4673,0.0,0.049,0.1488,-0.5163,-0.2333,0.2342,0.0,1,1,,,continuity
14,enact,exit,24,-0.7826,0.0,-0.2317,0.0,-0.5509,-0.2576,0.2481,0.0,1,1,,,continuity
14,neutral,neutral_b,24,0.0152,0.8074,-0.041,0.5732,0.0562,-0.1479,0.1498,0.4732,0,1,,,floor
15,exit,exit_c,24,0.0768,0.0548,0.2807,0.0,-0.2039,-0.1124,0.1107,0.0,1,1,0.0,1,prereg
15,exit,exit_b,24,0.7129,0.0,0.5862,0.0,0.1267,-0.1052,0.0997,0.0144,1,1,0.0144,1,prereg
15,exit_c,enact,24,0.5317,0.0,-0.049,0.1496,0.5807,-0.258,0.2629,0.0,1,1,0.0,1,prereg
15,enact,exit_b,24,0.1044,0.0984,0.3545,0.0,-0.2501,-0.1319,0.1359,0.0,1,1,,,continuity
15,enact,exit_c,24,-0.5317,0.0,0.049,0.1512,-0.5807,-0.2608,0.2534,0.0,1,1,,,continuity
15,enact,exit,24,-0.6085,0.0,-0.2317,0.0,-0.3768,-0.192,0.1906,0.0,1,1,,,continuity
15,neutral,neutral_b,24,0.0318,0.716,-0.041,0.5586,0.0728,-0.1762,0.1776,0.4446,0,1,,,floor
16,exit,exit_c,24,0.1261,0.0238,0.2807,0.0,-0.1546,-0.1173,0.1155,0.0062,1,1,0.0062,1,prereg
16,exit,exit_b,24,1.7023,0.0,0.5862,0.0,1.1161,-0.4681,0.4781,0.0,1,1,0.0,1,prereg
16,exit_c,enact,24,1.2527,0.0,-0.049,0.142,1.3017,-0.5452,0.5439,0.0,1,1,0.0,1,prereg
16,enact,exit_b,24,0.3235,0.0012,0.3545,0.0,-0.031,-0.1274,0.1269,0.6456,0,1,,,continuity
16,enact,exit_c,24,-1.2527,0.0,0.049,0.1458,-1.3017,-0.56,0.5526,0.0,1,1,,,continuity
16,enact,exit,24,-1.3788,0.0,-0.2317,0.0,-1.1471,-0.482,0.4891,0.0,1,1,,,continuity
16,neutral,neutral_b,24,0.0542,0.5434,-0.041,0.5698,0.0952,-0.1596,0.1585,0.262,0,1,,,floor
17,exit,exit_c,24,0.075,0.204,0.2807,0.0,-0.2057,-0.1418,0.143,0.0034,1,1,0.0034,1,prereg
17,exit,exit_b,24,1.1041,0.0,0.5862,0.0,0.5179,-0.2382,0.2349,0.0,1,1,0.0,1,prereg
17,exit_c,enact,24,1.0679,0.0,-0.049,0.149,1.1169,-0.4611,0.4724,0.0,1,1,0.0,1,prereg
17,enact,exit_b,24,-0.0388,0.716,0.3545,0.0,-0.3933,-0.2302,0.2287,0.0006,1,1,,,continuity
17,enact,exit_c,24,-1.0679,0.0,0.049,0.1456,-1.1169,-0.4727,0.4705,0.0,1,1,,,continuity
17,enact,exit,24,-1.1429,0.0,-0.2317,0.0,-0.9112,-0.3863,0.3807,0.0,1,1,,,continuity
17,neutral,neutral_b,24,-0.0554,0.442,-0.041,0.5572,-0.0144,-0.1432,0.1498,0.8488,0,1,,,floor
18,exit,exit_c,24,0.1421,0.0064,0.2807,0.0,-0.1386,-0.1078,0.1092,0.01,1,0,0.01,1,prereg
18,exit,exit_b,24,0.8292,0.0,0.5862,0.0,0.243,-0.1757,0.1719,0.0026,1,0,0.0052,1,prereg
18,exit_c,enact,24,0.8065,0.0,-0.049,0.1546,0.8556,-0.3679,0.3717,0.0,1,0,0.0,1,prereg
18,enact,exit_b,24,-0.1194,0.2046,0.3545,0.0,-0.4739,-0.2577,0.2539,0.0,1,0,,,continuity
18,enact,exit_c,24,-0.8065,0.0,0.049,0.1442,-0.8556,-0.3767,0.3843,0.0,1,0,,,continuity
18,enact,exit,24,-0.9486,0.0,-0.2317,0.0,-0.7169,-0.3184,0.3121,0.0,1,0,,,continuity
18,neutral,neutral_b,24,-0.1025,0.2616,-0.041,0.5726,-0.0615,-0.1718,0.1791,0.508,0,0,,,floor
19,exit,exit_c,24,-0.3334,0.0,0.2807,0.0,-0.6141,-0.2663,0.274,0.0,1,0,0.0,1,prereg
19,exit,exit_b,24,0.4421,0.0,0.5862,0.0,-0.1441,-0.1553,0.1574,0.0766,0,0,0.0766,0,prereg
19,exit_c,enact,24,0.8354,0.0,-0.049,0.1444,0.8844,-0.4034,0.3855,0.0,1,0,0.0,1,prereg
19,enact,exit_b,24,-0.0599,0.6088,0.3545,0.0,-0.4144,-0.2475,0.2495,0.0002,1,0,,,continuity
19,enact,exit_c,24,-0.8354,0.0,0.049,0.1444,-0.8844,-0.3925,0.3903,0.0,1,0,,,continuity
19,enact,exit,24,-0.502,0.0,-0.2317,0.0,-0.2703,-0.1835,0.1789,0.002,1,0,,,continuity
19,neutral,neutral_b,24,-0.0867,0.2886,-0.041,0.566,-0.0457,-0.1456,0.1485,0.5638,0,0,,,floor
20,exit,exit_c,24,-0.0456,0.3708,0.2807,0.0,-0.3263,-0.1601,0.1612,0.0,1,0,0.0,1,prereg
20,exit,exit_b,24,0.7262,0.0,0.5862,0.0,0.14,-0.1482,0.1467,0.0636,0,0,0.0636,0,prereg
20,exit_c,enact,24,0.4888,0.0,-0.049,0.1482,0.5378,-0.2758,0.2741,0.0,1,0,0.0,1,prereg
20,enact,exit_b,24,0.283,0.0022,0.3545,0.0,-0.0715,-0.1536,0.1528,0.3758,0,0,,,continuity
20,enact,exit_c,24,-0.4888,0.0,0.049,0.1456,-0.5378,-0.2746,0.2694,0.0,1,0,,,continuity
20,enact,exit,24,-0.4432,0.0,-0.2317,0.0,-0.2116,-0.1816,0.1817,0.0208,1,0,,,continuity
20,neutral,neutral_b,24,-0.0328,0.598,-0.041,0.57,0.0082,-0.1521,0.1561,0.926,0,0,,,floor
21,exit,exit_c,24,0.0749,0.2706,0.2807,0.0,-0.2058,-0.1489,0.1487,0.0058,1,0,0.0058,1,prereg
21,exit,exit_b,24,0.8835,0.0,0.5862,0.0,0.2973,-0.1901,0.1809,0.0004,1,0,0.0008,1,prereg
21,exit_c,enact,24,0.5076,0.0,-0.049,0.147,0.5566,-0.2532,0.2538,0.0,1,0,0.0,1,prereg
21,enact,exit_b,24,0.301,0.0006,0.3545,0.0,-0.0535,-0.1279,0.1271,0.4374,0,0,,,continuity
21,enact,exit_c,24,-0.5076,0.0,0.049,0.1456,-0.5566,-0.2547,0.255,0.0,1,0,,,continuity
21,enact,exit,24,-0.5825,0.0,-0.2317,0.0,-0.3508,-0.1842,0.192,0.0,1,0,,,continuity
21,neutral,neutral_b,24,0.0094,0.8988,-0.041,0.571,0.0504,-0.1963,0.1975,0.6298,0,0,,,floor
22,exit,exit_c,24,0.1735,0.0044,0.2807,0.0,-0.1072,-0.124,0.1295,0.0956,0,0,0.1912,0,prereg
22,exit,exit_b,24,0.3623,0.0,0.5862,0.0,-0.2239,-0.194,0.1825,0.0242,1,0,0.0726,0,prereg
22,exit_c,enact,24,-0.1699,0.023,-0.049,0.1366,-0.1209,-0.1446,0.144,0.101,0,0,0.1912,0,prereg
22,enact,exit_b,24,0.3587,0.0002,0.3545,0.0,0.0042,-0.1366,0.1373,0.9564,0,0,,,continuity
22,enact,exit_c,24,0.1699,0.02,0.049,0.142,0.1209,-0.1459,0.1479,0.1058,0,0,,,continuity
22,enact,exit,24,-0.0036,0.9618,-0.2317,0.0,0.2281,-0.1849,0.1841,0.0134,1,0,,,continuity
22,neutral,neutral_b,24,0.0527,0.5842,-0.041,0.5684,0.0937,-0.1772,0.181,0.3178,0,0,,,floor
23,exit,exit_c,24,0.0164,0.7948,0.2807,0.0,-0.2643,-0.1649,0.1646,0.0012,1,0,0.0024,1,prereg
23,exit,exit_b,24,0.8073,0.0,0.5862,0.0,0.2211,-0.1694,0.1716,0.007,1,0,0.007,1,prereg
23,exit_c,enact,24,0.2816,0.0002,-0.049,0.1378,0.3306,-0.1883,0.1919,0.0,1,0,0.0,1,prereg
23,enact,exit_b,24,0.5094,0.0,0.3545,0.0,0.1549,-0.1411,0.1397,0.0272,1,0,,,continuity
23,enact,exit_c,24,-0.2816,0.001,0.049,0.1432,-0.3306,-0.1884,0.1919,0.0002,1,0,,,continuity
23,enact,exit,24,-0.2979,0.0,-0.2317,0.0,-0.0663,-0.1199,0.1177,0.2836,0,0,,,continuity
23,neutral,neutral_b,24,0.1414,0.077,-0.041,0.5836,0.1824,-0.1726,0.1712,0.0386,1,0,,,floor
24,exit,exit_c,24,-0.1214,0.0434,0.2807,0.0,-0.4021,-0.2029,0.1979,0.0,1,0,0.0,1,prereg
24,exit,exit_b,24,0.8616,0.0,0.5862,0.0,0.2754,-0.1787,0.1805,0.001,1,0,0.001,1,prereg
24,exit_c,enact,24,0.2719,0.0014,-0.049,0.161,0.3209,-0.1932,0.1909,0.0,1,0,0.0,1,prereg
24,enact,exit_b,24,0.711,0.0,0.3545,0.0,0.3565,-0.2122,0.21,0.0002,1,0,,,continuity
24,enact,exit_c,24,-0.2719,0.001,0.049,0.1342,-0.3209,-0.1895,0.1939,0.0002,1,0,,,continuity
24,enact,exit,24,-0.1506,0.0364,-0.2317,0.0,0.0811,-0.1404,0.1368,0.2568,0,0,,,continuity
24,neutral,neutral_b,24,0.2386,0.0068,-0.041,0.5514,0.2795,-0.2066,0.2172,0.007,1,0,,,floor
25,exit,exit_c,24,0.0322,0.6374,0.2807,0.0,-0.2485,-0.1461,0.1417,0.0006,1,0,0.0018,1,prereg
25,exit,exit_b,24,0.6066,0.0,0.5862,0.0,0.0204,-0.1277,0.1263,0.7826,0,0,0.7826,0,prereg
25,exit_c,enact,24,0.0406,0.506,-0.049,0.15,0.0896,-0.1265,0.1301,0.1842,0,0,0.3684,0,prereg
25,enact,exit_b,24,0.5338,0.0,0.3545,0.0,0.1793,-0.149,0.1557,0.017,1,0,,,continuity
25,enact,exit_c,24,-0.0406,0.5146,0.049,0.1526,-0.0896,-0.1328,0.1284,0.1882,0,0,,,continuity
25,enact,exit,24,-0.0728,0.2024,-0.2317,0.0,0.1589,-0.1399,0.1442,0.0278,1,0,,,continuity
25,neutral,neutral_b,24,0.0687,0.3614,-0.041,0.5802,0.1097,-0.1932,0.1909,0.2828,0,0,,,floor
26,exit,exit_c,24,0.1605,0.0,0.2807,0.0,-0.1201,-0.0839,0.0847,0.0044,1,0,0.0088,1,prereg
26,exit,exit_b,24,0.6794,0.0,0.5862,0.0,0.0932,-0.1178,0.1148,0.1286,0,0,0.1286,0,prereg
26,exit_c,enact,24,0.1932,0.0,-0.049,0.146,0.2423,-0.1383,0.1422,0.0002,1,0,0.0006,1,prereg
26,enact,exit_b,24,0.3256,0.0,0.3545,0.0,-0.0289,-0.136,0.1351,0.6766,0,0,,,continuity
26,enact,exit_c,24,-0.1932,0.0002,0.049,0.1322,-0.2423,-0.1354,0.1373,0.0002,1,0,,,continuity
26,enact,exit,24,-0.3538,0.0,-0.2317,0.0,-0.1221,-0.1279,0.133,0.0714,0,0,,,continuity
26,neutral,neutral_b,24,0.0769,0.3558,-0.041,0.5608,0.1179,-0.2068,0.2087,0.27,0,0,,,floor
27,exit,exit_c,24,0.046,0.123,0.2807,0.0,-0.2346,-0.1124,0.1133,0.0,1,0,0.0,1,prereg
27,exit,exit_b,24,0.6595,0.0,0.5862,0.0,0.0733,-0.0955,0.096,0.1448,0,0,0.1448,0,prereg
27,exit_c,enact,24,0.2812,0.0,-0.049,0.1498,0.3302,-0.1568,0.1583,0.0,1,0,0.0,1,prereg
27,enact,exit_b,24,0.3322,0.0,0.3545,0.0,-0.0223,-0.1196,0.1221,0.7324,0,0,,,continuity
27,enact,exit_c,24,-0.2812,0.0,0.049,0.1402,-0.3302,-0.1589,0.1625,0.0,1,0,,,continuity
27,enact,exit,24,-0.3273,0.0,-0.2317,0.0,-0.0956,-0.1247,0.1289,0.1506,0,0,,,continuity
27,neutral,neutral_b,24,0.0191,0.8278,-0.041,0.5632,0.0601,-0.2061,0.2094,0.5758,0,0,,,floor
28,exit,exit_c,24,0.0731,0.0052,0.2807,0.0,-0.2075,-0.0926,0.0934,0.0,1,0,0.0,1,prereg
28,exit,exit_b,24,0.3277,0.0,0.5862,0.0,-0.2584,-0.1315,0.1357,0.0,1,0,0.0,1,prereg
28,exit_c,enact,24,0.2984,0.0,-0.049,0.152,0.3474,-0.1809,0.1797,0.0,1,0,0.0,1,prereg
28,enact,exit_b,24,-0.0438,0.3712,0.3545,0.0,-0.3983,-0.2057,0.2023,0.0,1,0,,,continuity
28,enact,exit_c,24,-0.2984,0.0,0.049,0.1554,-0.3474,-0.1778,0.1784,0.0,1,0,,,continuity
28,enact,exit,24,-0.3715,0.0,-0.2317,0.0,-0.1398,-0.1475,0.1444,0.061,0,0,,,continuity
28,neutral,neutral_b,24,0.0339,0.6544,-0.041,0.5636,0.0749,-0.1921,0.1817,0.4494,0,0,,,floor
29,exit,exit_c,24,-0.0391,0.095,0.2807,0.0,-0.3198,-0.1341,0.1377,0.0,1,0,0.0,1,prereg
29,exit,exit_b,24,0.6118,0.0,0.5862,0.0,0.0256,-0.1125,0.1094,0.6886,0,0,0.6886,0,prereg
29,exit_c,enact,24,0.4113,0.0,-0.049,0.15,0.4603,-0.2313,0.2371,0.0,1,0,0.0,1,prereg
29,enact,exit_b,24,0.2396,0.0008,0.3545,0.0,-0.1149,-0.1528,0.1443,0.1358,0,0,,,continuity
29,enact,exit_c,24,-0.4113,0.0,0.049,0.1508,-0.4603,-0.241,0.2366,0.0,1,0,,,continuity
29,enact,exit,24,-0.3722,0.0,-0.2317,0.0,-0.1405,-0.177,0.1782,0.1272,0,0,,,continuity
29,neutral,neutral_b,24,-0.0581,0.5388,-0.041,0.5674,-0.0171,-0.1974,0.1994,0.8684,0,0,,,floor
30,exit,exit_c,24,-0.0242,0.4672,0.2807,0.0,-0.3049,-0.1401,0.1417,0.0,1,0,0.0,1,prereg
30,exit,exit_b,24,0.7559,0.0,0.5862,0.0,0.1697,-0.1456,0.148,0.0194,1,0,0.0194,1,prereg
30,exit_c,enact,24,0.66,0.0,-0.049,0.1478,0.709,-0.3032,0.3115,0.0,1,0,0.0,1,prereg
30,enact,exit_b,24,0.1201,0.062,0.3545,0.0,-0.2344,-0.1738,0.1732,0.0064,1,0,,,continuity
30,enact,exit_c,24,-0.66,0.0,0.049,0.1516,-0.709,-0.3046,0.3168,0.0,1,0,,,continuity
30,enact,exit,24,-0.6358,0.0,-0.2317,0.0,-0.4041,-0.2288,0.2261,0.0,1,0,,,continuity
30,neutral,neutral_b,24,0.0357,0.6704,-0.041,0.5836,0.0767,-0.1805,0.1932,0.4244,0,0,,,floor
31,exit,exit_c,24,-0.1173,0.004,0.2807,0.0,-0.398,-0.1785,0.1721,0.0,1,0,0.0,1,prereg
31,exit,exit_b,24,0.8061,0.0,0.5862,0.0,0.2199,-0.182,0.1792,0.0142,1,0,0.0142,1,prereg
31,exit_c,enact,24,0.5834,0.0,-0.049,0.1426,0.6324,-0.2826,0.2928,0.0,1,0,0.0,1,prereg
31,enact,exit_b,24,0.34,0.0,0.3545,0.0,-0.0145,-0.146,0.1406,0.8566,0,0,,,continuity
31,enact,exit_c,24,-0.5834,0.0,0.049,0.1398,-0.6324,-0.2807,0.2833,0.0,1,0,,,continuity
31,enact,exit,24,-0.4662,0.0,-0.2317,0.0,-0.2345,-0.1796,0.1774,0.007,1,0,,,continuity
31,neutral,neutral_b,24,0.159,0.1368,-0.041,0.5596,0.2,-0.2193,0.2158,0.0756,0,0,,,floor
32,exit,exit_c,24,-0.2075,0.0,0.2807,0.0,-0.4882,-0.1986,0.2049,0.0,1,0,0.0,1,prereg
32,exit,exit_b,24,0.6185,0.0,0.5862,0.0,0.0323,-0.1344,0.1359,0.6428,0,0,0.6428,0,prereg
32,exit_c,enact,24,0.522,0.0,-0.049,0.1466,0.571,-0.266,0.2607,0.0,1,0,0.0,1,prereg
32,enact,exit_b,24,0.3041,0.0,0.3545,0.0,-0.0504,-0.131,0.1343,0.4708,0,0,,,continuity
32,enact,exit_c,24,-0.522,0.0,0.049,0.1372,-0.571,-0.2556,0.2576,0.0,1,0,,,continuity
32,enact,exit,24,-0.3144,0.0,-0.2317,0.0,-0.0827,-0.1507,0.1468,0.2978,0,0,,,continuity
32,neutral,neutral_b,24,0.1537,0.0964,-0.041,0.5628,0.1947,-0.2049,0.2074,0.0666,0,0,,,floor
33,exit,exit_c,24,-0.1843,0.0,0.2807,0.0,-0.465,-0.1975,0.1946,0.0,1,0,0.0,1,prereg
33,exit,exit_b,24,0.5516,0.0,0.5862,0.0,-0.0346,-0.1561,0.1471,0.6662,0,0,0.6662,0,prereg
33,exit_c,enact,24,0.6122,0.0,-0.049,0.1532,0.6612,-0.295,0.2904,0.0,1,0,0.0,1,prereg
33,enact,exit_b,24,0.1237,0.0776,0.3545,0.0,-0.2308,-0.1671,0.1654,0.0042,1,0,,,continuity
33,enact,exit_c,24,-0.6122,0.0,0.049,0.1492,-0.6612,-0.2965,0.2929,0.0,1,0,,,continuity
33,enact,exit,24,-0.4279,0.0,-0.2317,0.0,-0.1962,-0.1814,0.1779,0.028,1,0,,,continuity
33,neutral,neutral_b,24,0.2559,0.0134,-0.041,0.5714,0.2969,-0.2153,0.2177,0.0058,1,0,,,floor
34,exit,exit_c,24,-0.2035,0.0002,0.2807,0.0,-0.4842,-0.2078,0.1999,0.0,1,0,0.0,1,prereg
34,exit,exit_b,24,0.4959,0.0,0.5862,0.0,-0.0903,-0.1605,0.1631,0.2834,0,0,0.2834,0,prereg
34,exit_c,enact,24,0.5605,0.0,-0.049,0.1352,0.6095,-0.2939,0.285,0.0,1,0,0.0,1,prereg
34,enact,exit_b,24,0.139,0.0544,0.3545,0.0,-0.2155,-0.1642,0.1603,0.008,1,0,,,continuity
34,enact,exit_c,24,-0.5605,0.0,0.049,0.1422,-0.6095,-0.2877,0.2825,0.0,1,0,,,continuity
34,enact,exit,24,-0.357,0.0,-0.2317,0.0,-0.1253,-0.1801,0.1776,0.1876,0,0,,,continuity
34,neutral,neutral_b,24,0.1076,0.1946,-0.041,0.5656,0.1486,-0.1801,0.1761,0.1138,0,0,,,floor
35,exit,exit_c,24,-0.1024,0.0046,0.2807,0.0,-0.383,-0.1683,0.1641,0.0,1,0,0.0,1,prereg
35,exit,exit_b,24,0.5346,0.0,0.5862,0.0,-0.0515,-0.1588,0.1636,0.5372,0,0,0.5372,0,prereg
35,exit_c,enact,24,0.4854,0.0,-0.049,0.1484,0.5344,-0.2454,0.2488,0.0,1,0,0.0,1,prereg
35,enact,exit_b,24,0.1516,0.0372,0.3545,0.0,-0.2029,-0.1539,0.1535,0.0106,1,0,,,continuity
35,enact,exit_c,24,-0.4854,0.0,0.049,0.1444,-0.5344,-0.2527,0.2528,0.0,1,0,,,continuity
35,enact,exit,24,-0.383,0.0,-0.2317,0.0,-0.1513,-0.1672,0.1674,0.0796,0,0,,,continuity
35,neutral,neutral_b,24,0.0739,0.3732,-0.041,0.5576,0.1149,-0.1939,0.1984,0.2644,0,0,,,floor
36,exit,exit_c,24,-0.0513,0.1082,0.2807,0.0,-0.332,-0.1496,0.146,0.0,1,0,0.0,1,prereg
36,exit,exit_b,24,0.4699,0.0,0.5862,0.0,-0.1162,-0.1548,0.1525,0.1454,0,0,0.1454,0,prereg
36,exit_c,enact,24,0.3562,0.0,-0.049,0.1522,0.4052,-0.212,0.2115,0.0,1,0,0.0,1,prereg
36,enact,exit_b,24,0.1651,0.0188,0.3545,0.0,-0.1894,-0.1517,0.1489,0.0098,1,0,,,continuity
36,enact,exit_c,24,-0.3562,0.0,0.049,0.1498,-0.4052,-0.2148,0.213,0.0,1,0,,,continuity
36,enact,exit,24,-0.3048,0.0,-0.2317,0.0,-0.0732,-0.1569,0.1553,0.382,0,0,,,continuity
36,neutral,neutral_b,24,0.0928,0.24,-0.041,0.558,0.1338,-0.1988,0.1988,0.2012,0,0,,,floor
37,exit,exit_c,24,-0.0687,0.0276,0.2807,0.0,-0.3494,-0.1472,0.1492,0.0,1,0,0.0,1,prereg
37,exit,exit_b,24,0.4053,0.0,0.5862,0.0,-0.1808,-0.151,0.149,0.0148,1,0,0.0148,1,prereg
37,exit_c,enact,24,0.3128,0.0,-0.049,0.1522,0.3618,-0.2026,0.1998,0.0,1,0,0.0,1,prereg
37,enact,exit_b,24,0.1612,0.0188,0.3545,0.0,-0.1933,-0.1602,0.1574,0.014,1,0,,,continuity
37,enact,exit_c,24,-0.3128,0.0,0.049,0.1432,-0.3618,-0.2089,0.2068,0.0,1,0,,,continuity
37,enact,exit,24,-0.2441,0.0004,-0.2317,0.0,-0.0124,-0.1624,0.1656,0.892,0,0,,,continuity
37,neutral,neutral_b,24,0.1162,0.1936,-0.041,0.5674,0.1571,-0.2185,0.2195,0.159,0,0,,,floor
38,exit,exit_c,24,-0.1004,0.0006,0.2807,0.0,-0.3811,-0.1594,0.1631,0.0,1,0,0.0,1,prereg
38,exit,exit_b,24,0.363,0.0,0.5862,0.0,-0.2232,-0.1568,0.1517,0.003,1,0,0.003,1,prereg
38,exit_c,enact,24,0.312,0.0,-0.049,0.1468,0.361,-0.1911,0.1897,0.0,1,0,0.0,1,prereg
38,enact,exit_b,24,0.1514,0.01,0.3545,0.0,-0.2031,-0.1593,0.1558,0.0102,1,0,,,continuity
38,enact,exit_c,24,-0.312,0.0,0.049,0.1536,-0.361,-0.1909,0.189,0.0,1,0,,,continuity
38,enact,exit,24,-0.2116,0.0006,-0.2317,0.0,0.0201,-0.1503,0.1521,0.7934,0,0,,,continuity
38,neutral,neutral_b,24,0.1156,0.2178,-0.041,0.5708,0.1566,-0.2144,0.218,0.1638,0,0,,,floor
39,exit,exit_c,24,-0.0874,0.0194,0.2807,0.0,-0.3681,-0.1611,0.16,0.0,1,0,0.0,1,prereg
39,exit,exit_b,24,0.2616,0.0,0.5862,0.0,-0.3246,-0.1774,0.1742,0.0006,1,0,0.0008,1,prereg
39,exit_c,enact,24,0.2538,0.0,-0.049,0.1476,0.3028,-0.1756,0.1739,0.0004,1,0,0.0008,1,prereg
39,enact,exit_b,24,0.0952,0.0958,0.3545,0.0,-0.2593,-0.1657,0.1603,0.0006,1,0,,,continuity
39,enact,exit_c,24,-0.2538,0.0,0.049,0.153,-0.3028,-0.1792,0.1659,0.0002,1,0,,,continuity
39,enact,exit,24,-0.1664,0.0176,-0.2317,0.0,0.0653,-0.1585,0.16,0.4274,0,0,,,continuity
39,neutral,neutral_b,24,0.1855,0.0818,-0.041,0.557,0.2265,-0.2239,0.2168,0.044,1,0,,,floor
40,exit,exit_c,24,-0.0879,0.022,0.2807,0.0,-0.3686,-0.1616,0.1596,0.0,1,0,0.0,1,prereg
40,exit,exit_b,24,0.2059,0.0004,0.5862,0.0,-0.3802,-0.1855,0.1877,0.0,1,0,0.0,1,prereg
40,exit_c,enact,24,0.2583,0.0,-0.049,0.1498,0.3073,-0.164,0.1718,0.0,1,0,0.0,1,prereg
40,enact,exit_b,24,0.0356,0.517,0.3545,0.0,-0.3189,-0.1831,0.1834,0.0,1,0,,,continuity
40,enact,exit_c,24,-0.2583,0.0,0.049,0.1344,-0.3073,-0.1731,0.1631,0.0,1,0,,,continuity
40,enact,exit,24,-0.1704,0.0024,-0.2317,0.0,0.0613,-0.1425,0.1383,0.4016,0,0,,,continuity
40,neutral,neutral_b,24,0.2482,0.0368,-0.041,0.5638,0.2892,-0.2281,0.2302,0.0098,1,0,,,floor
41,exit,exit_c,24,-0.0112,0.8086,0.2807,0.0,-0.2919,-0.1471,0.1494,0.0,1,0,0.0,1,prereg
41,exit,exit_b,24,0.179,0.0026,0.5862,0.0,-0.4072,-0.1943,0.2011,0.0,1,0,0.0,1,prereg
41,exit_c,enact,24,0.3748,0.0,-0.049,0.1456,0.4238,-0.2042,0.2195,0.0,1,0,0.0,1,prereg
41,enact,exit_b,24,-0.1846,0.0032,0.3545,0.0,-0.5391,-0.2519,0.257,0.0,1,0,,,continuity
41,enact,exit_c,24,-0.3748,0.0,0.049,0.145,-0.4238,-0.2055,0.2092,0.0,1,0,,,continuity
41,enact,exit,24,-0.3637,0.0,-0.2317,0.0,-0.132,-0.1446,0.1417,0.0768,0,0,,,continuity
41,neutral,neutral_b,24,0.17,0.0944,-0.041,0.563,0.211,-0.2068,0.195,0.0404,1,0,,,floor
