layer,arm_a,arm_b,n,d_acts,d_acts_p,d_floor,d_floor_p,gain,gain_lo,gain_hi,gain_p,clears,in_window
emb,enact,report,24,0.054,0.001,0.054,0.0008,0.0,0.0,0.0,1.0,0,0
emb,enact,exit,24,-0.2317,0.0,-0.2317,0.0,0.0,0.0,0.0,1.0,0,0
emb,enact,true,24,-0.1504,0.02,-0.1504,0.015,0.0,0.0,0.0,1.0,0,0
emb,enact,neutral,24,0.2406,0.0128,0.2406,0.0118,0.0,0.0,0.0,1.0,0,0
emb,report,exit,24,-0.2856,0.0,-0.2856,0.0,0.0,0.0,0.0,1.0,0,0
emb,report,neutral,24,0.1866,0.0356,0.1866,0.0364,0.0,0.0,0.0,1.0,0,0
emb,exit,neutral,24,0.4722,0.0,0.4722,0.0,0.0,0.0,0.0,1.0,0,0
emb,true,neutral,24,0.391,0.0,0.391,0.0,0.0,0.0,0.0,1.0,0,0
emb,enact,enact_norecord,24,-0.4973,0.0008,-0.4973,0.0006,0.0,0.0,0.0,1.0,0,0
emb,enact_norecord,neutral,24,0.7379,0.0008,0.7379,0.0,0.0,0.0,0.0,1.0,0,0
emb,neutral,neutral_b,24,-0.041,0.5676,-0.041,0.5596,0.0,0.0,0.0,1.0,0,0
emb,enact,neutral_b,24,0.1996,0.0144,0.1996,0.0144,0.0,0.0,0.0,1.0,0,0
0,enact,report,24,-0.2095,0.0,0.054,0.001,-0.2634,-0.1219,0.1206,0.0,1,0
0,enact,exit,24,-0.8123,0.0,-0.2317,0.0,-0.5807,-0.2537,0.2476,0.0,1,0
0,enact,true,24,-0.203,0.0072,-0.1504,0.0146,-0.0526,-0.1281,0.1303,0.4416,0,0
0,enact,neutral,24,0.5978,0.0,0.2406,0.0104,0.3572,-0.2013,0.2024,0.0,1,0
0,report,exit,24,-0.6029,0.0,-0.2856,0.0,-0.3172,-0.1617,0.1556,0.0,1,0
0,report,neutral,24,0.8072,0.0,0.1866,0.0344,0.6206,-0.2826,0.2875,0.0,1,0
0,exit,neutral,24,1.4101,0.0,0.4722,0.0,0.9379,-0.4048,0.4021,0.0,1,0
0,true,neutral,24,0.8008,0.0,0.391,0.0,0.4098,-0.2002,0.2018,0.0,1,0
0,enact,enact_norecord,24,-0.6556,0.0,-0.4973,0.0006,-0.1583,-0.2465,0.2477,0.221,0,0
0,enact_norecord,neutral,24,1.2534,0.0,0.7379,0.0002,0.5155,-0.3735,0.373,0.0032,1,0
0,neutral,neutral_b,24,0.1075,0.2286,-0.041,0.573,0.1485,-0.1177,0.1155,0.0094,1,0
0,enact,neutral_b,24,0.7053,0.0,0.1996,0.0176,0.5057,-0.2531,0.2428,0.0,1,0
1,enact,report,24,-0.2311,0.0016,0.054,0.0004,-0.285,-0.1631,0.1631,0.0,1,0
1,enact,exit,24,-0.7791,0.0,-0.2317,0.0,-0.5474,-0.2483,0.2403,0.0,1,0
1,enact,true,24,-0.2111,0.0072,-0.1504,0.0162,-0.0606,-0.1157,0.1181,0.3208,0,0
1,enact,neutral,24,0.4725,0.0,0.2406,0.0106,0.2319,-0.1668,0.1639,0.0026,1,0
1,report,exit,24,-0.5481,0.0,-0.2856,0.0,-0.2624,-0.1468,0.1441,0.0,1,0
1,report,neutral,24,0.7035,0.0,0.1866,0.0318,0.5169,-0.2905,0.2843,0.0002,1,0
1,exit,neutral,24,1.2516,0.0,0.4722,0.0002,0.7793,-0.3726,0.3787,0.0,1,0
1,true,neutral,24,0.6835,0.0,0.391,0.0,0.2925,-0.1942,0.1948,0.001,1,0
1,enact,enact_norecord,24,-0.1836,0.0864,-0.4973,0.0004,0.3138,-0.2813,0.2718,0.0234,1,0
1,enact_norecord,neutral,24,0.656,0.0,0.7379,0.0004,-0.0819,-0.3531,0.3277,0.6458,0,0
1,neutral,neutral_b,24,0.2018,0.0584,-0.041,0.561,0.2428,-0.1729,0.1713,0.0026,1,0
1,enact,neutral_b,24,0.6742,0.0,0.1996,0.0176,0.4747,-0.2578,0.2632,0.0,1,0
2,enact,report,24,-0.0763,0.224,0.054,0.0004,-0.1302,-0.1205,0.1219,0.0324,1,0
2,enact,exit,24,-0.7279,0.0,-0.2317,0.0,-0.4963,-0.2296,0.2258,0.0,1,0
2,enact,true,24,-0.1116,0.1288,-0.1504,0.0122,0.0389,-0.12,0.1218,0.5518,0,0
2,enact,neutral,24,0.3628,0.0002,0.2406,0.012,0.1222,-0.1577,0.1544,0.1308,0,0
2,report,exit,24,-0.6517,0.0,-0.2856,0.0,-0.366,-0.1738,0.1782,0.0,1,0
2,report,neutral,24,0.4391,0.0002,0.1866,0.0324,0.2525,-0.2206,0.2167,0.0218,1,0
2,exit,neutral,24,1.0907,0.0,0.4722,0.0,0.6185,-0.3279,0.3277,0.0,1,0
2,true,neutral,24,0.4743,0.0,0.391,0.0,0.0833,-0.1475,0.1445,0.294,0,0
2,enact,enact_norecord,24,-1.0298,0.0,-0.4973,0.0,-0.5325,-0.3333,0.3265,0.0006,1,0
2,enact_norecord,neutral,24,1.3926,0.0,0.7379,0.0004,0.6547,-0.4258,0.4401,0.001,1,0
2,neutral,neutral_b,24,0.177,0.1044,-0.041,0.5666,0.218,-0.1721,0.167,0.0074,1,0
2,enact,neutral_b,24,0.5398,0.0,0.1996,0.015,0.3402,-0.2238,0.225,0.0012,1,0
3,enact,report,24,-0.0776,0.2054,0.054,0.0008,-0.1316,-0.1225,0.1178,0.0262,1,0
3,enact,exit,24,-0.7146,0.0,-0.2317,0.0,-0.4829,-0.2209,0.2251,0.0,1,0
3,enact,true,24,-0.073,0.3308,-0.1504,0.0168,0.0774,-0.1274,0.1233,0.252,0,0
3,enact,neutral,24,0.3599,0.0016,0.2406,0.0114,0.1194,-0.1567,0.1546,0.1296,0,0
3,report,exit,24,-0.637,0.0,-0.2856,0.0,-0.3514,-0.1709,0.168,0.0,1,0
3,report,neutral,24,0.4375,0.0,0.1866,0.034,0.2509,-0.1981,0.1985,0.0108,1,0
3,exit,neutral,24,1.0745,0.0,0.4722,0.0002,0.6023,-0.3228,0.318,0.0,1,0
3,true,neutral,24,0.4329,0.0006,0.391,0.0,0.0419,-0.158,0.1561,0.6152,0,0
3,enact,enact_norecord,24,-1.2406,0.0,-0.4973,0.0006,-0.7433,-0.3983,0.4059,0.0002,1,0
3,enact_norecord,neutral,24,1.6005,0.0,0.7379,0.0002,0.8627,-0.4935,0.4824,0.0,1,0
3,neutral,neutral_b,24,0.0813,0.3992,-0.041,0.5668,0.1223,-0.1573,0.1576,0.1358,0,0
3,enact,neutral_b,24,0.4412,0.0,0.1996,0.016,0.2416,-0.1971,0.2051,0.015,1,0
4,enact,report,24,0.1038,0.0456,0.054,0.001,0.0498,-0.0888,0.0866,0.2838,0,0
4,enact,exit,24,-1.3585,0.0,-0.2317,0.0,-1.1268,-0.4852,0.4874,0.0,1,0
4,enact,true,24,-0.2743,0.0004,-0.1504,0.0132,-0.1239,-0.1215,0.1175,0.0428,1,0
4,enact,neutral,24,0.3663,0.0016,0.2406,0.0112,0.1257,-0.1495,0.1496,0.1052,0,0
4,report,exit,24,-1.4623,0.0,-0.2856,0.0,-1.1766,-0.498,0.4994,0.0,1,0
4,report,neutral,24,0.2625,0.0212,0.1866,0.0316,0.0759,-0.1554,0.151,0.345,0,0
4,exit,neutral,24,1.7248,0.0,0.4722,0.0002,1.2525,-0.547,0.5506,0.0,1,0
4,true,neutral,24,0.6406,0.0,0.391,0.0,0.2496,-0.1484,0.1497,0.0004,1,0
4,enact,enact_norecord,24,-0.7488,0.0,-0.4973,0.0008,-0.2515,-0.2868,0.2904,0.0922,0,0
4,enact_norecord,neutral,24,1.1151,0.0,0.7379,0.0004,0.3772,-0.3344,0.3457,0.027,1,0
4,neutral,neutral_b,24,0.1724,0.1322,-0.041,0.5646,0.2134,-0.2176,0.2171,0.0538,0,0
4,enact,neutral_b,24,0.5386,0.0,0.1996,0.014,0.3391,-0.2316,0.231,0.0028,1,0
5,enact,report,24,0.2581,0.0,0.054,0.0002,0.2041,-0.0997,0.1001,0.0002,1,0
5,enact,exit,24,-0.9364,0.0,-0.2317,0.0,-0.7047,-0.3093,0.3172,0.0,1,0
5,enact,true,24,-0.1419,0.0048,-0.1504,0.014,0.0086,-0.1047,0.102,0.8734,0,0
5,enact,neutral,24,0.2904,0.0006,0.2406,0.0094,0.0499,-0.1574,0.1573,0.5426,0,0
5,report,exit,24,-1.1945,0.0,-0.2856,0.0,-0.9089,-0.3799,0.3772,0.0,1,0
5,report,neutral,24,0.0323,0.6712,0.1866,0.0376,-0.1543,-0.1599,0.1646,0.0648,0,0
5,exit,neutral,24,1.2268,0.0,0.4722,0.0002,0.7546,-0.3773,0.3728,0.0,1,0
5,true,neutral,24,0.4323,0.0,0.391,0.0,0.0413,-0.1172,0.1187,0.502,0,0
5,enact,enact_norecord,24,-0.7421,0.0,-0.4973,0.001,-0.2448,-0.284,0.2855,0.0986,0,0
5,enact_norecord,neutral,24,1.0325,0.0,0.7379,0.0002,0.2946,-0.3511,0.3513,0.1068,0,0
5,neutral,neutral_b,24,0.1775,0.096,-0.041,0.564,0.2185,-0.2019,0.201,0.0322,1,0
5,enact,neutral_b,24,0.468,0.0,0.1996,0.016,0.2684,-0.2256,0.2261,0.0162,1,0
6,enact,report,24,0.0258,0.4018,0.054,0.0006,-0.0282,-0.0557,0.056,0.3244,0,0
6,enact,exit,24,-0.8764,0.0,-0.2317,0.0,-0.6447,-0.2809,0.2755,0.0,1,0
6,enact,true,24,-0.1528,0.0186,-0.1504,0.0174,-0.0024,-0.1087,0.1047,0.9692,0,0
6,enact,neutral,24,0.3262,0.0002,0.2406,0.0122,0.0856,-0.1347,0.1355,0.2358,0,0
6,report,exit,24,-0.9022,0.0,-0.2856,0.0,-0.6165,-0.2652,0.2625,0.0,1,0
6,report,neutral,24,0.3004,0.0008,0.1866,0.033,0.1138,-0.1416,0.149,0.1252,0,0
6,exit,neutral,24,1.2026,0.0,0.4722,0.0,0.7303,-0.3603,0.36,0.0,1,0
6,true,neutral,24,0.479,0.0,0.391,0.0,0.088,-0.1142,0.1113,0.1434,0,0
6,enact,enact_norecord,24,-0.363,0.0002,-0.4973,0.0012,0.1343,-0.2504,0.2483,0.3146,0,0
6,enact_norecord,neutral,24,0.6892,0.0,0.7379,0.0,-0.0487,-0.2831,0.2803,0.7576,0,0
6,neutral,neutral_b,24,0.1457,0.0734,-0.041,0.5732,0.1867,-0.1834,0.1759,0.0422,1,0
6,enact,neutral_b,24,0.4719,0.0,0.1996,0.0118,0.2723,-0.1873,0.1901,0.003,1,0
7,enact,report,24,0.0428,0.1498,0.054,0.0006,-0.0112,-0.0516,0.0534,0.6908,0,0
7,enact,exit,24,-0.4235,0.0,-0.2317,0.0,-0.1918,-0.1069,0.1067,0.0,1,0
7,enact,true,24,-0.1228,0.0146,-0.1504,0.0148,0.0276,-0.123,0.123,0.682,0,0
7,enact,neutral,24,0.077,0.2864,0.2406,0.0088,-0.1636,-0.1725,0.1776,0.0708,0,0
7,report,exit,24,-0.4663,0.0,-0.2856,0.0,-0.1807,-0.1111,0.1116,0.001,1,0
7,report,neutral,24,0.0342,0.5842,0.1866,0.037,-0.1524,-0.1647,0.1678,0.0708,0,0
7,exit,neutral,24,0.5005,0.0,0.4722,0.0,0.0283,-0.2045,0.2072,0.7896,0,0
7,true,neutral,24,0.1998,0.008,0.391,0.0,-0.1912,-0.1494,0.152,0.0084,1,0
7,enact,enact_norecord,24,-0.1937,0.007,-0.4973,0.0008,0.3037,-0.2766,0.2734,0.0282,1,0
7,enact_norecord,neutral,24,0.2707,0.0046,0.7379,0.0004,-0.4672,-0.3524,0.3523,0.0066,1,0
7,neutral,neutral_b,24,0.0832,0.3456,-0.041,0.566,0.1242,-0.1914,0.1876,0.2076,0,0
7,enact,neutral_b,24,0.1602,0.0096,0.1996,0.0142,-0.0394,-0.1923,0.194,0.6992,0,0
8,enact,report,24,0.1566,0.0,0.054,0.0008,0.1027,-0.0671,0.0656,0.0022,1,0
8,enact,exit,24,-0.793,0.0,-0.2317,0.0,-0.5614,-0.2474,0.2512,0.0,1,0
8,enact,true,24,-0.2889,0.0,-0.1504,0.0168,-0.1384,-0.1212,0.119,0.0236,1,0
8,enact,neutral,24,0.2843,0.0004,0.2406,0.0078,0.0437,-0.1576,0.1631,0.6018,0,0
8,report,exit,24,-0.9497,0.0,-0.2856,0.0,-0.664,-0.2884,0.2879,0.0,1,0
8,report,neutral,24,0.1276,0.087,0.1866,0.0366,-0.059,-0.165,0.1659,0.5022,0,0
8,exit,neutral,24,1.0773,0.0,0.4722,0.0,0.6051,-0.3333,0.3315,0.0,1,0
8,true,neutral,24,0.5731,0.0,0.391,0.0,0.1821,-0.1567,0.1621,0.0236,1,0
8,enact,enact_norecord,24,0.1666,0.018,-0.4973,0.0,0.6639,-0.3626,0.3633,0.0002,1,0
8,enact_norecord,neutral,24,0.1177,0.1114,0.7379,0.0002,-0.6202,-0.3853,0.3781,0.001,1,0
8,neutral,neutral_b,24,0.1402,0.1388,-0.041,0.5586,0.1812,-0.1956,0.1897,0.0654,0,0
8,enact,neutral_b,24,0.4245,0.0,0.1996,0.0168,0.2249,-0.19,0.1897,0.0196,1,0
9,enact,report,24,-0.1033,0.0206,0.054,0.0008,-0.1573,-0.1003,0.0973,0.0002,1,0
9,enact,exit,24,-0.7374,0.0,-0.2317,0.0,-0.5057,-0.2242,0.212,0.0,1,0
9,enact,true,24,-0.0856,0.1144,-0.1504,0.013,0.0649,-0.1257,0.1253,0.3344,0,0
9,enact,neutral,24,0.2849,0.0,0.2406,0.0082,0.0444,-0.1756,0.1725,0.6442,0,0
9,report,exit,24,-0.6341,0.0,-0.2856,0.0,-0.3485,-0.1731,0.1731,0.0002,1,0
9,report,neutral,24,0.3882,0.0,0.1866,0.0282,0.2016,-0.2157,0.2165,0.0764,0,0
9,exit,neutral,24,1.0223,0.0,0.4722,0.0,0.5501,-0.2782,0.2786,0.0,1,0
9,true,neutral,24,0.3705,0.0,0.391,0.0,-0.0205,-0.1582,0.161,0.809,0,0
9,enact,enact_norecord,24,-0.2596,0.0006,-0.4973,0.0002,0.2377,-0.2612,0.2755,0.085,0,0
9,enact_norecord,neutral,24,0.5445,0.0,0.7379,0.0,-0.1933,-0.3484,0.3532,0.296,0,0
9,neutral,neutral_b,24,0.0053,0.9322,-0.041,0.565,0.0462,-0.1673,0.1706,0.5944,0,0
9,enact,neutral_b,24,0.2902,0.0,0.1996,0.0144,0.0906,-0.1467,0.1412,0.2338,0,0
10,enact,report,24,0.1281,0.0,0.054,0.0002,0.0741,-0.0495,0.05,0.0012,1,1
10,enact,exit,24,-0.5194,0.0,-0.2317,0.0002,-0.2877,-0.1403,0.1407,0.0,1,1
10,enact,true,24,-0.1591,0.0,-0.1504,0.012,-0.0086,-0.1114,0.111,0.8806,0,1
10,enact,neutral,24,0.3772,0.0,0.2406,0.0094,0.1366,-0.1767,0.1742,0.1426,0,1
10,report,exit,24,-0.6474,0.0,-0.2856,0.0,-0.3618,-0.1779,0.1767,0.0,1,1
10,report,neutral,24,0.2491,0.0,0.1866,0.0328,0.0625,-0.1579,0.1569,0.46,0,1
10,exit,neutral,24,0.8966,0.0,0.4722,0.0,0.4243,-0.2498,0.2459,0.0002,1,1
10,true,neutral,24,0.5363,0.0,0.391,0.0,0.1453,-0.1463,0.1444,0.051,0,1
10,enact,enact_norecord,24,-0.1595,0.0064,-0.4973,0.0006,0.3378,-0.285,0.284,0.0204,1,1
10,enact_norecord,neutral,24,0.5367,0.0,0.7379,0.0006,-0.2012,-0.3284,0.3237,0.2428,0,1
10,neutral,neutral_b,24,0.1176,0.0514,-0.041,0.5662,0.1585,-0.1469,0.1486,0.0336,1,1
10,enact,neutral_b,24,0.4948,0.0,0.1996,0.0178,0.2952,-0.1847,0.1842,0.0016,1,1
11,enact,report,24,0.1003,0.0164,0.054,0.001,0.0464,-0.0652,0.0661,0.1768,0,1
11,enact,exit,24,-0.6844,0.0,-0.2317,0.0,-0.4527,-0.2356,0.2336,0.0,1,1
11,enact,true,24,-0.1506,0.0002,-0.1504,0.016,-0.0001,-0.1239,0.1242,0.999,0,1
11,enact,neutral,24,0.3899,0.0,0.2406,0.009,0.1493,-0.1796,0.1766,0.108,0,1
11,report,exit,24,-0.7847,0.0,-0.2856,0.0,-0.4991,-0.2356,0.233,0.0,1,1
11,report,neutral,24,0.2896,0.0,0.1866,0.0318,0.103,-0.1746,0.1703,0.2534,0,1
11,exit,neutral,24,1.0743,0.0,0.4722,0.0,0.602,-0.3416,0.3454,0.0,1,1
11,true,neutral,24,0.5405,0.0,0.391,0.0,0.1495,-0.1406,0.1381,0.0318,1,1
11,enact,enact_norecord,24,-0.0867,0.1814,-0.4973,0.0002,0.4106,-0.278,0.2833,0.004,1,1
11,enact_norecord,neutral,24,0.4766,0.0,0.7379,0.0,-0.2612,-0.3292,0.3273,0.1212,0,1
11,neutral,neutral_b,24,0.109,0.1304,-0.041,0.5654,0.15,-0.1626,0.1676,0.0762,0,1
11,enact,neutral_b,24,0.4989,0.0,0.1996,0.0146,0.2993,-0.2035,0.2067,0.0026,1,1
12,enact,report,24,0.0223,0.5156,0.054,0.0006,-0.0316,-0.0623,0.0619,0.3354,0,1
12,enact,exit,24,-0.8269,0.0,-0.2317,0.0,-0.5952,-0.2563,0.2613,0.0,1,1
12,enact,true,24,-0.1601,0.0008,-0.1504,0.0138,-0.0097,-0.1453,0.144,0.8952,0,1
12,enact,neutral,24,0.4085,0.0,0.2406,0.0096,0.168,-0.1744,0.1729,0.0596,0,1
12,report,exit,24,-0.8493,0.0,-0.2856,0.0,-0.5636,-0.2504,0.2502,0.0,1,1
12,report,neutral,24,0.3862,0.0,0.1866,0.0324,0.1996,-0.1692,0.1638,0.0168,1,1
12,exit,neutral,24,1.2354,0.0,0.4722,0.0002,0.7632,-0.3643,0.3665,0.0,1,1
12,true,neutral,24,0.5687,0.0,0.391,0.0,0.1777,-0.1592,0.1562,0.024,1,1
12,enact,enact_norecord,24,0.0024,0.965,-0.4973,0.0,0.4998,-0.3253,0.3389,0.0016,1,1
12,enact_norecord,neutral,24,0.4061,0.0,0.7379,0.0002,-0.3318,-0.352,0.369,0.0684,0,1
12,neutral,neutral_b,24,-0.0031,0.9654,-0.041,0.5698,0.0379,-0.1328,0.1334,0.5848,0,1
12,enact,neutral_b,24,0.4055,0.0,0.1996,0.014,0.2059,-0.1607,0.1653,0.0108,1,1
13,enact,report,24,-0.0731,0.0322,0.054,0.0004,-0.1271,-0.0823,0.0817,0.0016,1,1
13,enact,exit,24,-1.1254,0.0,-0.2317,0.0,-0.8937,-0.3836,0.3851,0.0,1,1
13,enact,true,24,-0.2142,0.0002,-0.1504,0.0172,-0.0638,-0.1492,0.1449,0.3964,0,1
13,enact,neutral,24,0.4844,0.0,0.2406,0.0102,0.2438,-0.194,0.194,0.0126,1,1
13,report,exit,24,-1.0523,0.0,-0.2856,0.0,-0.7666,-0.3283,0.3372,0.0,1,1
13,report,neutral,24,0.5575,0.0,0.1866,0.034,0.3709,-0.2162,0.2205,0.0002,1,1
13,exit,neutral,24,1.6098,0.0,0.4722,0.0002,1.1376,-0.4997,0.5076,0.0,1,1
13,true,neutral,24,0.6986,0.0,0.391,0.0,0.3076,-0.2247,0.2136,0.003,1,1
13,enact,enact_norecord,24,0.4726,0.0,-0.4973,0.0008,0.9699,-0.4995,0.502,0.0,1,1
13,enact_norecord,neutral,24,0.0118,0.8916,0.7379,0.0002,-0.7261,-0.48,0.4746,0.0014,1,1
13,neutral,neutral_b,24,-0.02,0.7778,-0.041,0.5662,0.021,-0.1489,0.1455,0.7904,0,1
13,enact,neutral_b,24,0.4644,0.0,0.1996,0.014,0.2648,-0.1883,0.1863,0.004,1,1
14,enact,report,24,-0.1628,0.0028,0.054,0.0002,-0.2167,-0.1284,0.1276,0.0006,1,1
14,enact,exit,24,-0.7826,0.0,-0.2317,0.0,-0.5509,-0.2487,0.2555,0.0,1,1
14,enact,true,24,-0.1878,0.0,-0.1504,0.0116,-0.0373,-0.1359,0.1335,0.6078,0,1
14,enact,neutral,24,0.4502,0.0,0.2406,0.0106,0.2096,-0.1781,0.1833,0.0234,1,1
14,report,exit,24,-0.6198,0.0,-0.2856,0.0,-0.3342,-0.1769,0.1717,0.0,1,1
14,report,neutral,24,0.6129,0.0,0.1866,0.0326,0.4263,-0.2761,0.2709,0.001,1,1
14,exit,neutral,24,1.2328,0.0,0.4722,0.0,0.7605,-0.3514,0.3548,0.0,1,1
14,true,neutral,24,0.6379,0.0,0.391,0.0,0.2469,-0.1975,0.1983,0.01,1,1
14,enact,enact_norecord,24,0.557,0.0,-0.4973,0.0008,1.0544,-0.5059,0.5023,0.0,1,1
14,enact_norecord,neutral,24,-0.1069,0.2168,0.7379,0.0004,-0.8447,-0.4801,0.4714,0.0002,1,1
14,neutral,neutral_b,24,0.0152,0.8094,-0.041,0.5638,0.0562,-0.1523,0.1502,0.4724,0,1
14,enact,neutral_b,24,0.4654,0.0,0.1996,0.014,0.2658,-0.2009,0.2011,0.0072,1,1
15,enact,report,24,-0.1177,0.074,0.054,0.001,-0.1717,-0.1428,0.1369,0.0106,1,1
15,enact,exit,24,-0.6085,0.0,-0.2317,0.0,-0.3768,-0.1911,0.1924,0.0,1,1
15,enact,true,24,-0.0933,0.0594,-0.1504,0.017,0.0572,-0.1448,0.145,0.4706,0,1
15,enact,neutral,24,0.4217,0.0,0.2406,0.0098,0.1812,-0.1701,0.1701,0.0356,1,1
15,report,exit,24,-0.4908,0.0,-0.2856,0.0,-0.2051,-0.1779,0.1742,0.0218,1,1
15,report,neutral,24,0.5395,0.0,0.1866,0.0376,0.3529,-0.2503,0.2434,0.0038,1,1
15,exit,neutral,24,1.0302,0.0,0.4722,0.0,0.558,-0.2911,0.2856,0.0,1,1
15,true,neutral,24,0.515,0.0,0.391,0.0,0.124,-0.2042,0.2075,0.2524,0,1
15,enact,enact_norecord,24,0.6826,0.0,-0.4973,0.0002,1.1799,-0.5882,0.584,0.0,1,1
15,enact_norecord,neutral,24,-0.2608,0.0402,0.7379,0.0006,-0.9987,-0.539,0.5458,0.0,1,1
15,neutral,neutral_b,24,0.0318,0.717,-0.041,0.5632,0.0728,-0.1813,0.1773,0.4462,0,1
15,enact,neutral_b,24,0.4535,0.0,0.1996,0.013,0.254,-0.1955,0.1936,0.008,1,1
16,enact,report,24,-0.3237,0.0,0.054,0.0004,-0.3777,-0.193,0.1958,0.0,1,1
16,enact,exit,24,-1.3788,0.0,-0.2317,0.0,-1.1471,-0.4869,0.492,0.0,1,1
16,enact,true,24,-0.298,0.0,-0.1504,0.0138,-0.1476,-0.1842,0.1848,0.1206,0,1
16,enact,neutral,24,0.502,0.0,0.2406,0.012,0.2614,-0.2153,0.214,0.0166,1,1
16,report,exit,24,-1.0551,0.0,-0.2856,0.0,-0.7694,-0.3605,0.353,0.0,1,1
16,report,neutral,24,0.8257,0.0,0.1866,0.0346,0.6391,-0.3547,0.3431,0.0,1,1
16,exit,neutral,24,1.8807,0.0,0.4722,0.0002,1.4085,-0.6373,0.622,0.0,1,1
16,true,neutral,24,0.8,0.0,0.391,0.0002,0.409,-0.2592,0.2582,0.0002,1,1
16,enact,enact_norecord,24,0.4855,0.0002,-0.4973,0.0008,0.9828,-0.5544,0.5463,0.0,1,1
16,enact_norecord,neutral,24,0.0164,0.8982,0.7379,0.0004,-0.7214,-0.4861,0.5042,0.0026,1,1
16,neutral,neutral_b,24,0.0542,0.541,-0.041,0.5582,0.0952,-0.162,0.1568,0.2564,0,1
16,enact,neutral_b,24,0.5561,0.0,0.1996,0.0166,0.3566,-0.2547,0.2538,0.0048,1,1
17,enact,report,24,-0.422,0.0,0.054,0.0008,-0.476,-0.2236,0.221,0.0,1,1
17,enact,exit,24,-1.1429,0.0,-0.2317,0.0,-0.9112,-0.3933,0.3934,0.0,1,1
17,enact,true,24,-0.1758,0.0318,-0.1504,0.0144,-0.0254,-0.1991,0.1954,0.8046,0,1
17,enact,neutral,24,0.8022,0.0,0.2406,0.0098,0.5616,-0.2837,0.2939,0.0,1,1
17,report,exit,24,-0.7209,0.0,-0.2856,0.0,-0.4353,-0.2274,0.2343,0.0002,1,1
17,report,neutral,24,1.2242,0.0,0.1866,0.0326,1.0376,-0.4902,0.4728,0.0,1,1
17,exit,neutral,24,1.9451,0.0,0.4722,0.0,1.4728,-0.6278,0.6142,0.0,1,1
17,true,neutral,24,0.978,0.0,0.391,0.0,0.587,-0.3246,0.3202,0.0,1,1
17,enact,enact_norecord,24,0.7888,0.0,-0.4973,0.0008,1.2861,-0.617,0.6243,0.0,1,1
17,enact_norecord,neutral,24,0.0134,0.9008,0.7379,0.0002,-0.7245,-0.4812,0.4631,0.001,1,1
17,neutral,neutral_b,24,-0.0554,0.4336,-0.041,0.5678,-0.0144,-0.1451,0.144,0.8526,0,1
17,enact,neutral_b,24,0.7468,0.0,0.1996,0.0176,0.5472,-0.291,0.2992,0.0002,1,1
18,enact,report,24,-0.5826,0.0,0.054,0.0006,-0.6366,-0.276,0.2834,0.0,1,0
18,enact,exit,24,-0.9486,0.0,-0.2317,0.0,-0.7169,-0.3128,0.3246,0.0,1,0
18,enact,true,24,-0.0189,0.8048,-0.1504,0.0168,0.1315,-0.2025,0.194,0.206,0,0
18,enact,neutral,24,0.7122,0.0,0.2406,0.01,0.4717,-0.3131,0.3034,0.0018,1,0
18,report,exit,24,-0.366,0.0004,-0.2856,0.0,-0.0804,-0.1307,0.1288,0.233,0,0
18,report,neutral,24,1.2949,0.0,0.1866,0.0324,1.1083,-0.5279,0.5388,0.0,1,0
18,exit,neutral,24,1.6609,0.0,0.4722,0.0002,1.1886,-0.5862,0.5599,0.0,1,0
18,true,neutral,24,0.7311,0.0,0.391,0.0,0.3402,-0.2765,0.2735,0.0154,1,0
18,enact,enact_norecord,24,0.5077,0.0,-0.4973,0.0006,1.0051,-0.525,0.5314,0.0,1,0
18,enact_norecord,neutral,24,0.2045,0.0904,0.7379,0.0,-0.5334,-0.4442,0.4447,0.016,1,0
18,neutral,neutral_b,24,-0.1025,0.2564,-0.041,0.5612,-0.0615,-0.1757,0.1718,0.5082,0,0
18,enact,neutral_b,24,0.6098,0.0,0.1996,0.0146,0.4102,-0.2724,0.2791,0.0024,1,0
19,enact,report,24,-0.6516,0.0,0.054,0.0014,-0.7055,-0.3227,0.3135,0.0,1,0
19,enact,exit,24,-0.502,0.0,-0.2317,0.0,-0.2703,-0.1796,0.1857,0.0016,1,0
19,enact,true,24,-0.1375,0.1188,-0.1504,0.014,0.0129,-0.1878,0.1805,0.9002,0,0
19,enact,neutral,24,0.7174,0.0,0.2406,0.0094,0.4769,-0.2878,0.2876,0.0002,1,0
19,report,exit,24,0.1496,0.0226,-0.2856,0.0,0.4352,-0.2099,0.2068,0.0,1,0
19,report,neutral,24,1.369,0.0,0.1866,0.0348,1.1824,-0.5217,0.5213,0.0,1,0
19,exit,neutral,24,1.2194,0.0,0.4722,0.0002,0.7471,-0.3774,0.3946,0.0,1,0
19,true,neutral,24,0.855,0.0,0.391,0.0,0.464,-0.295,0.2976,0.0008,1,0
19,enact,enact_norecord,24,0.7411,0.0,-0.4973,0.0008,1.2385,-0.5967,0.6203,0.0,1,0
19,enact_norecord,neutral,24,-0.0237,0.856,0.7379,0.0002,-0.7616,-0.4797,0.4596,0.001,1,0
19,neutral,neutral_b,24,-0.0867,0.287,-0.041,0.5634,-0.0457,-0.1494,0.1506,0.5526,0,0
19,enact,neutral_b,24,0.6307,0.0,0.1996,0.0156,0.4311,-0.263,0.265,0.0008,1,0
20,enact,report,24,-0.4519,0.0,0.054,0.0,-0.5058,-0.251,0.2478,0.0,1,0
20,enact,exit,24,-0.4432,0.0,-0.2317,0.0,-0.2116,-0.1788,0.1848,0.0206,1,0
20,enact,true,24,-0.0301,0.7646,-0.1504,0.0152,0.1203,-0.2346,0.2399,0.325,0,0
20,enact,neutral,24,0.825,0.0,0.2406,0.0104,0.5845,-0.3065,0.3098,0.0,1,0
20,report,exit,24,0.0086,0.9056,-0.2856,0.0,0.2943,-0.1773,0.1758,0.0,1,0
20,report,neutral,24,1.2769,0.0,0.1866,0.0282,1.0903,-0.4918,0.4913,0.0,1,0
20,exit,neutral,24,1.2683,0.0,0.4722,0.0,0.7961,-0.3948,0.3906,0.0,1,0
20,true,neutral,24,0.8552,0.0,0.391,0.0,0.4642,-0.2784,0.274,0.0006,1,0
20,enact,enact_norecord,24,1.3176,0.0,-0.4973,0.0008,1.8149,-0.7939,0.8114,0.0,1,0
20,enact_norecord,neutral,24,-0.4925,0.0,0.7379,0.0,-1.2304,-0.6168,0.6155,0.0,1,0
20,neutral,neutral_b,24,-0.0328,0.6018,-0.041,0.5632,0.0082,-0.1531,0.1569,0.9238,0,0
20,enact,neutral_b,24,0.7922,0.0,0.1996,0.0132,0.5927,-0.323,0.3151,0.0,1,0
21,enact,report,24,-0.1589,0.0628,0.054,0.0002,-0.2129,-0.1733,0.1794,0.0146,1,0
21,enact,exit,24,-0.5825,0.0,-0.2317,0.0,-0.3508,-0.1851,0.1863,0.0002,1,0
21,enact,true,24,0.189,0.0622,-0.1504,0.0114,0.3394,-0.2654,0.2693,0.0108,1,0
21,enact,neutral,24,1.3178,0.0,0.2406,0.011,1.0773,-0.5098,0.4898,0.0,1,0
21,report,exit,24,-0.4235,0.0,-0.2856,0.0,-0.1379,-0.1471,0.1534,0.075,0,0
21,report,neutral,24,1.4767,0.0,0.1866,0.0332,1.2901,-0.5687,0.561,0.0,1,0
21,exit,neutral,24,1.9003,0.0,0.4722,0.0,1.428,-0.6108,0.6072,0.0,1,0
21,true,neutral,24,1.1288,0.0,0.391,0.0,0.7378,-0.3855,0.3944,0.0,1,0
21,enact,enact_norecord,24,1.6,0.0,-0.4973,0.0004,2.0973,-0.8966,0.9047,0.0,1,0
21,enact_norecord,neutral,24,-0.2821,0.016,0.7379,0.0002,-1.02,-0.5373,0.5529,0.0,1,0
21,neutral,neutral_b,24,0.0094,0.8986,-0.041,0.5652,0.0504,-0.1997,0.1975,0.6178,0,0
21,enact,neutral_b,24,1.3273,0.0,0.1996,0.0168,1.1277,-0.5122,0.5042,0.0,1,0
22,enact,report,24,-0.2423,0.0078,0.054,0.0004,-0.2962,-0.1965,0.1999,0.002,1,0
22,enact,exit,24,-0.0036,0.9644,-0.2317,0.0,0.2281,-0.1875,0.1815,0.014,1,0
22,enact,true,24,0.4355,0.0,-0.1504,0.0156,0.5859,-0.3081,0.3129,0.0,1,0
22,enact,neutral,24,0.7933,0.0,0.2406,0.011,0.5527,-0.3129,0.3031,0.0,1,0
22,report,exit,24,0.2387,0.0206,-0.2856,0.0,0.5243,-0.2818,0.2782,0.0,1,0
22,report,neutral,24,1.0356,0.0,0.1866,0.0328,0.849,-0.39,0.4013,0.0,1,0
22,exit,neutral,24,0.7969,0.0002,0.4722,0.0002,0.3246,-0.2278,0.2273,0.004,1,0
22,true,neutral,24,0.3578,0.0106,0.391,0.0,-0.0332,-0.2347,0.2391,0.794,0,0
22,enact,enact_norecord,24,0.7104,0.0,-0.4973,0.0004,1.2077,-0.5552,0.5706,0.0,1,0
22,enact_norecord,neutral,24,0.0829,0.511,0.7379,0.0004,-0.655,-0.4212,0.4065,0.001,1,0
22,neutral,neutral_b,24,0.0527,0.5846,-0.041,0.557,0.0937,-0.1809,0.1834,0.3316,0,0
22,enact,neutral_b,24,0.846,0.0,0.1996,0.0162,0.6464,-0.3631,0.3482,0.0002,1,0
23,enact,report,24,-0.1865,0.0722,0.054,0.0006,-0.2404,-0.2121,0.2022,0.022,1,0
23,enact,exit,24,-0.2979,0.0,-0.2317,0.0,-0.0663,-0.1152,0.1218,0.2896,0,0
23,enact,true,24,0.6958,0.0,-0.1504,0.017,0.8462,-0.3997,0.3964,0.0,1,0
23,enact,neutral,24,1.5536,0.0,0.2406,0.006,1.3131,-0.586,0.5889,0.0,1,0
23,report,exit,24,-0.1115,0.2336,-0.2856,0.0,0.1742,-0.1881,0.18,0.0684,0,0
23,report,neutral,24,1.7401,0.0,0.1866,0.033,1.5535,-0.6794,0.6765,0.0,1,0
23,exit,neutral,24,1.8516,0.0,0.4722,0.0,1.3793,-0.6123,0.5962,0.0,1,0
23,true,neutral,24,0.8579,0.0,0.391,0.0002,0.4669,-0.3033,0.2943,0.0008,1,0
23,enact,enact_norecord,24,0.7611,0.0,-0.4973,0.0008,1.2584,-0.5927,0.5816,0.0,1,0
23,enact_norecord,neutral,24,0.7925,0.0,0.7379,0.0004,0.0547,-0.3349,0.3276,0.754,0,0
23,neutral,neutral_b,24,0.1414,0.0744,-0.041,0.5734,0.1824,-0.1693,0.1724,0.0364,1,0
23,enact,neutral_b,24,1.6951,0.0,0.1996,0.017,1.4955,-0.667,0.6414,0.0,1,0
24,enact,report,24,-0.312,0.003,0.054,0.0004,-0.3659,-0.2269,0.2259,0.0014,1,0
24,enact,exit,24,-0.1506,0.0294,-0.2317,0.0,0.0811,-0.1362,0.1371,0.262,0,0
24,enact,true,24,0.2521,0.0136,-0.1504,0.0156,0.4026,-0.2768,0.265,0.0034,1,0
24,enact,neutral,24,0.9958,0.0,0.2406,0.0124,0.7552,-0.3994,0.3919,0.0,1,0
24,report,exit,24,0.1614,0.0978,-0.2856,0.0,0.4471,-0.2514,0.2469,0.0,1,0
24,report,neutral,24,1.3077,0.0,0.1866,0.0314,1.1211,-0.5453,0.5674,0.0,1,0
24,exit,neutral,24,1.1463,0.0,0.4722,0.0002,0.6741,-0.385,0.3825,0.0002,1,0
24,true,neutral,24,0.7436,0.0,0.391,0.0002,0.3526,-0.2473,0.2596,0.005,1,0
24,enact,enact_norecord,24,1.3465,0.0,-0.4973,0.0006,1.8438,-0.8128,0.8056,0.0,1,0
24,enact_norecord,neutral,24,-0.3507,0.0092,0.7379,0.0004,-1.0886,-0.5639,0.5659,0.0002,1,0
24,neutral,neutral_b,24,0.2386,0.0042,-0.041,0.555,0.2795,-0.213,0.2212,0.0076,1,0
24,enact,neutral_b,24,1.2343,0.0,0.1996,0.0136,1.0348,-0.5199,0.5115,0.0,1,0
25,enact,report,24,-0.3156,0.0,0.054,0.0002,-0.3696,-0.1997,0.2128,0.0,1,0
25,enact,exit,24,-0.0728,0.222,-0.2317,0.0,0.1589,-0.1405,0.1396,0.022,1,0
25,enact,true,24,0.1527,0.143,-0.1504,0.0148,0.3032,-0.2511,0.2453,0.0124,1,0
25,enact,neutral,24,1.1491,0.0,0.2406,0.0086,0.9086,-0.4601,0.4551,0.0,1,0
25,report,exit,24,0.2428,0.0166,-0.2856,0.0,0.5285,-0.2835,0.2784,0.0,1,0
25,report,neutral,24,1.4647,0.0,0.1866,0.0318,1.2782,-0.5942,0.6013,0.0,1,0
25,exit,neutral,24,1.2219,0.0,0.4722,0.0,0.7497,-0.4238,0.4175,0.0,1,0
25,true,neutral,24,0.9964,0.0,0.391,0.0,0.6054,-0.3173,0.3382,0.0,1,0
25,enact,enact_norecord,24,1.1855,0.0,-0.4973,0.0004,1.6829,-0.7412,0.7454,0.0,1,0
25,enact_norecord,neutral,24,-0.0364,0.7766,0.7379,0.0002,-0.7743,-0.5101,0.5024,0.0022,1,0
25,neutral,neutral_b,24,0.0687,0.3648,-0.041,0.5676,0.1097,-0.1898,0.1838,0.2846,0,0
25,enact,neutral_b,24,1.2178,0.0,0.1996,0.0142,1.0182,-0.4919,0.4924,0.0,1,0
26,enact,report,24,-0.0254,0.8318,0.054,0.0006,-0.0794,-0.2313,0.2287,0.5008,0,0
26,enact,exit,24,-0.3538,0.0,-0.2317,0.0,-0.1221,-0.1316,0.128,0.0664,0,0
26,enact,true,24,0.417,0.0028,-0.1504,0.012,0.5674,-0.3179,0.324,0.0002,1,0
26,enact,neutral,24,1.5039,0.0,0.2406,0.0086,1.2633,-0.5556,0.5455,0.0,1,0
26,report,exit,24,-0.3283,0.0118,-0.2856,0.0,-0.0427,-0.2306,0.2343,0.727,0,0
26,report,neutral,24,1.5293,0.0,0.1866,0.0352,1.3428,-0.6083,0.6172,0.0,1,0
26,exit,neutral,24,1.8577,0.0,0.4722,0.0002,1.3855,-0.597,0.5832,0.0,1,0
26,true,neutral,24,1.0869,0.0,0.391,0.0,0.6959,-0.3545,0.3501,0.0,1,0
26,enact,enact_norecord,24,1.3221,0.0,-0.4973,0.0004,1.8194,-0.8067,0.7847,0.0,1,0
26,enact_norecord,neutral,24,0.1818,0.1222,0.7379,0.0002,-0.5561,-0.4018,0.3989,0.0038,1,0
26,neutral,neutral_b,24,0.0769,0.3458,-0.041,0.5686,0.1179,-0.2054,0.202,0.2736,0,0
26,enact,neutral_b,24,1.5808,0.0,0.1996,0.0176,1.3812,-0.6139,0.6303,0.0,1,0
27,enact,report,24,0.2,0.1088,0.054,0.0006,0.146,-0.2414,0.2327,0.2426,0,0
27,enact,exit,24,-0.3273,0.0,-0.2317,0.0,-0.0956,-0.13,0.1245,0.1484,0,0
27,enact,true,24,0.4581,0.003,-0.1504,0.0162,0.6085,-0.3482,0.3643,0.0004,1,0
27,enact,neutral,24,1.8505,0.0,0.2406,0.01,1.61,-0.6869,0.6788,0.0,1,0
27,report,exit,24,-0.5272,0.0006,-0.2856,0.0,-0.2416,-0.2644,0.2574,0.0686,0,0
27,report,neutral,24,1.6506,0.0,0.1866,0.0388,1.464,-0.6653,0.6698,0.0,1,0
27,exit,neutral,24,2.1778,0.0,0.4722,0.0,1.7056,-0.7309,0.7207,0.0,1,0
27,true,neutral,24,1.3924,0.0,0.391,0.0,1.0014,-0.4694,0.4705,0.0,1,0
27,enact,enact_norecord,24,1.2593,0.0,-0.4973,0.0004,1.7566,-0.7949,0.8154,0.0,1,0
27,enact_norecord,neutral,24,0.5912,0.0002,0.7379,0.0002,-0.1466,-0.3322,0.3462,0.409,0,0
27,neutral,neutral_b,24,0.0191,0.8288,-0.041,0.5558,0.0601,-0.2122,0.2174,0.5744,0,0
27,enact,neutral_b,24,1.8697,0.0,0.1996,0.0204,1.6701,-0.7186,0.721,0.0,1,0
28,enact,report,24,0.2274,0.057,0.054,0.0006,0.1734,-0.2273,0.2211,0.1394,0,0
28,enact,exit,24,-0.3715,0.0,-0.2317,0.0,-0.1398,-0.1463,0.1515,0.0654,0,0
28,enact,true,24,0.2538,0.0274,-0.1504,0.0136,0.4043,-0.2762,0.2772,0.0022,1,0
28,enact,neutral,24,1.452,0.0,0.2406,0.009,1.2115,-0.5334,0.5434,0.0,1,0
28,report,exit,24,-0.5989,0.0,-0.2856,0.0,-0.3132,-0.2578,0.2482,0.0134,1,0
28,report,neutral,24,1.2247,0.0,0.1866,0.036,1.0381,-0.4797,0.4958,0.0,1,0
28,exit,neutral,24,1.8236,0.0,0.4722,0.0,1.3513,-0.5813,0.5692,0.0,1,0
28,true,neutral,24,1.1982,0.0,0.391,0.0,0.8072,-0.4016,0.4133,0.0,1,0
28,enact,enact_norecord,24,0.6901,0.0,-0.4973,0.0008,1.1875,-0.5927,0.5664,0.0,1,0
28,enact_norecord,neutral,24,0.7619,0.0,0.7379,0.0002,0.024,-0.3226,0.3171,0.8862,0,0
28,neutral,neutral_b,24,0.0339,0.6566,-0.041,0.5634,0.0749,-0.1921,0.1947,0.4548,0,0
28,enact,neutral_b,24,1.486,0.0,0.1996,0.0172,1.2864,-0.567,0.5756,0.0,1,0
29,enact,report,24,0.3367,0.0296,0.054,0.0004,0.2828,-0.297,0.2904,0.0598,0,0
29,enact,exit,24,-0.3722,0.0,-0.2317,0.0,-0.1405,-0.1767,0.1782,0.1328,0,0
29,enact,true,24,0.6655,0.0002,-0.1504,0.0114,0.8159,-0.4345,0.4541,0.0,1,0
29,enact,neutral,24,2.1404,0.0,0.2406,0.0084,1.8999,-0.8295,0.8405,0.0,1,0
29,report,exit,24,-0.7089,0.0,-0.2856,0.0,-0.4233,-0.3408,0.3279,0.0084,1,0
29,report,neutral,24,1.8037,0.0,0.1866,0.0324,1.6171,-0.7397,0.7071,0.0,1,0
29,exit,neutral,24,2.5126,0.0,0.4722,0.0,2.0404,-0.8636,0.8333,0.0,1,0
29,true,neutral,24,1.475,0.0,0.391,0.0,1.084,-0.4925,0.4846,0.0,1,0
29,enact,enact_norecord,24,1.4896,0.0,-0.4973,0.0,1.987,-0.8765,0.8844,0.0,1,0
29,enact_norecord,neutral,24,0.6508,0.0002,0.7379,0.0004,-0.0871,-0.3496,0.3595,0.6378,0,0
29,neutral,neutral_b,24,-0.0581,0.5118,-0.041,0.5648,-0.0171,-0.2025,0.2029,0.874,0,0
29,enact,neutral_b,24,2.0824,0.0,0.1996,0.0158,1.8828,-0.8018,0.8117,0.0,1,0
30,enact,report,24,0.0425,0.7584,0.054,0.0004,-0.0115,-0.2681,0.2771,0.938,0,0
30,enact,exit,24,-0.6358,0.0,-0.2317,0.0,-0.4041,-0.2278,0.2344,0.0,1,0
30,enact,true,24,0.322,0.0564,-0.1504,0.0168,0.4725,-0.3645,0.3657,0.0092,1,0
30,enact,neutral,24,1.725,0.0,0.2406,0.0074,1.4844,-0.6803,0.6823,0.0,1,0
30,report,exit,24,-0.6783,0.0002,-0.2856,0.0,-0.3926,-0.3176,0.3138,0.01,1,0
30,report,neutral,24,1.6825,0.0,0.1866,0.028,1.4959,-0.6971,0.6926,0.0,1,0
30,exit,neutral,24,2.3608,0.0,0.4722,0.0,1.8885,-0.7882,0.7739,0.0,1,0
30,true,neutral,24,1.4029,0.0,0.391,0.0,1.012,-0.4974,0.5095,0.0,1,0
30,enact,enact_norecord,24,1.6014,0.0,-0.4973,0.0,2.0988,-0.8836,0.8974,0.0,1,0
30,enact_norecord,neutral,24,0.1235,0.4304,0.7379,0.0,-0.6144,-0.4232,0.414,0.0016,1,0
30,neutral,neutral_b,24,0.0357,0.6578,-0.041,0.5616,0.0767,-0.1803,0.1788,0.4284,0,0
30,enact,neutral_b,24,1.7607,0.0,0.1996,0.0118,1.5611,-0.7219,0.7422,0.0,1,0
31,enact,report,24,0.1032,0.5354,0.054,0.0006,0.0492,-0.3044,0.3073,0.7672,0,0
31,enact,exit,24,-0.4662,0.0,-0.2317,0.0,-0.2345,-0.1786,0.1767,0.0064,1,0
31,enact,true,24,0.3281,0.0812,-0.1504,0.0168,0.4786,-0.397,0.4029,0.0186,1,0
31,enact,neutral,24,2.0999,0.0,0.2406,0.009,1.8593,-0.8271,0.8162,0.0,1,0
31,report,exit,24,-0.5693,0.0024,-0.2856,0.0,-0.2837,-0.3354,0.3401,0.1004,0,0
31,report,neutral,24,1.9967,0.0,0.1866,0.0384,1.8101,-0.8344,0.8092,0.0,1,0
31,exit,neutral,24,2.566,0.0,0.4722,0.0002,2.0938,-0.8693,0.8684,0.0,1,0
31,true,neutral,24,1.7717,0.0,0.391,0.0,1.3807,-0.6214,0.6424,0.0,1,0
31,enact,enact_norecord,24,1.9012,0.0,-0.4973,0.0006,2.3985,-1.0161,1.0076,0.0,1,0
31,enact_norecord,neutral,24,0.1987,0.1916,0.7379,0.0,-0.5392,-0.3748,0.3755,0.0032,1,0
31,neutral,neutral_b,24,0.159,0.1358,-0.041,0.5602,0.2,-0.2183,0.2211,0.0754,0,0
31,enact,neutral_b,24,2.2589,0.0,0.1996,0.014,2.0594,-0.8822,0.886,0.0,1,0
32,enact,report,24,0.0817,0.5862,0.054,0.0004,0.0278,-0.2654,0.2722,0.8446,0,0
32,enact,exit,24,-0.3144,0.0,-0.2317,0.0,-0.0827,-0.1456,0.1447,0.3006,0,0
32,enact,true,24,0.5276,0.0104,-0.1504,0.019,0.6781,-0.4628,0.4684,0.0034,1,0
32,enact,neutral,24,2.0418,0.0,0.2406,0.0098,1.8013,-0.7735,0.7626,0.0,1,0
32,report,exit,24,-0.3961,0.0132,-0.2856,0.0,-0.1105,-0.284,0.2785,0.4718,0,0
32,report,neutral,24,1.9601,0.0,0.1866,0.0348,1.7735,-0.7821,0.7596,0.0,1,0
32,exit,neutral,24,2.3562,0.0,0.4722,0.0,1.884,-0.8018,0.786,0.0,1,0
32,true,neutral,24,1.5142,0.0,0.391,0.0,1.1232,-0.5251,0.5497,0.0,1,0
32,enact,enact_norecord,24,1.5202,0.0,-0.4973,0.0014,2.0176,-0.892,0.8774,0.0,1,0
32,enact_norecord,neutral,24,0.5216,0.0024,0.7379,0.0,-0.2163,-0.3034,0.2979,0.175,0,0
32,neutral,neutral_b,24,0.1537,0.0974,-0.041,0.5626,0.1947,-0.2097,0.205,0.0662,0,0
32,enact,neutral_b,24,2.1955,0.0,0.1996,0.0122,1.996,-0.8813,0.8505,0.0,1,0
33,enact,report,24,0.131,0.3666,0.054,0.0006,0.077,-0.2638,0.2667,0.5962,0,0
33,enact,exit,24,-0.4279,0.0,-0.2317,0.0,-0.1962,-0.1816,0.1753,0.028,1,0
33,enact,true,24,0.6839,0.0032,-0.1504,0.0174,0.8343,-0.5102,0.5362,0.0018,1,0
33,enact,neutral,24,1.9179,0.0,0.2406,0.0082,1.6773,-0.7454,0.733,0.0,1,0
33,report,exit,24,-0.5589,0.0006,-0.2856,0.0,-0.2733,-0.3069,0.3063,0.085,0,0
33,report,neutral,24,1.7869,0.0,0.1866,0.0348,1.6003,-0.7019,0.7153,0.0,1,0
33,exit,neutral,24,2.3458,0.0,0.4722,0.0002,1.8735,-0.7873,0.8197,0.0,1,0
33,true,neutral,24,1.234,0.0,0.391,0.0,0.843,-0.4823,0.491,0.0002,1,0
33,enact,enact_norecord,24,1.5892,0.0,-0.4973,0.0006,2.0865,-0.9352,0.9249,0.0,1,0
33,enact_norecord,neutral,24,0.3287,0.0562,0.7379,0.0,-0.4092,-0.3627,0.3582,0.0262,1,0
33,neutral,neutral_b,24,0.2559,0.0176,-0.041,0.5808,0.2969,-0.2217,0.2208,0.0056,1,0
33,enact,neutral_b,24,2.1738,0.0,0.1996,0.016,1.9742,-0.8426,0.8636,0.0,1,0
34,enact,report,24,0.0823,0.5246,0.054,0.0002,0.0284,-0.2376,0.235,0.8296,0,0
34,enact,exit,24,-0.357,0.0,-0.2317,0.0,-0.1253,-0.176,0.1822,0.192,0,0
34,enact,true,24,0.6506,0.0026,-0.1504,0.0158,0.801,-0.5058,0.5076,0.001,1,0
34,enact,neutral,24,1.7714,0.0,0.2406,0.0096,1.5309,-0.6932,0.6829,0.0,1,0
34,report,exit,24,-0.4393,0.0036,-0.2856,0.0,-0.1536,-0.2798,0.2791,0.3016,0,0
34,report,neutral,24,1.6891,0.0,0.1866,0.0312,1.5025,-0.6878,0.6696,0.0,1,0
34,exit,neutral,24,2.1284,0.0,0.4722,0.0,1.6562,-0.6761,0.671,0.0,1,0
34,true,neutral,24,1.1209,0.0,0.391,0.0,0.7299,-0.4248,0.4188,0.0,1,0
34,enact,enact_norecord,24,1.3101,0.0,-0.4973,0.0006,1.8074,-0.8133,0.8043,0.0,1,0
34,enact_norecord,neutral,24,0.4613,0.0036,0.7379,0.0008,-0.2765,-0.3321,0.3276,0.1064,0,0
34,neutral,neutral_b,24,0.1076,0.1998,-0.041,0.5702,0.1486,-0.1723,0.1829,0.1048,0,0
34,enact,neutral_b,24,1.879,0.0,0.1996,0.0116,1.6794,-0.7269,0.7376,0.0,1,0
35,enact,report,24,-0.0328,0.7838,0.054,0.0004,-0.0868,-0.2316,0.2308,0.4634,0,0
35,enact,exit,24,-0.383,0.0,-0.2317,0.0,-0.1513,-0.1658,0.1674,0.0826,0,0
35,enact,true,24,0.5167,0.0102,-0.1504,0.0174,0.6671,-0.4423,0.4456,0.002,1,0
35,enact,neutral,24,1.6799,0.0,0.2406,0.0086,1.4393,-0.6489,0.6441,0.0,1,0
35,report,exit,24,-0.3502,0.0068,-0.2856,0.0,-0.0645,-0.2316,0.2227,0.599,0,0
35,report,neutral,24,1.7127,0.0,0.1866,0.0312,1.5261,-0.673,0.6706,0.0,1,0
35,exit,neutral,24,2.0629,0.0,0.4722,0.0,1.5907,-0.6752,0.6512,0.0,1,0
35,true,neutral,24,1.1632,0.0,0.391,0.0,0.7722,-0.4224,0.4424,0.0,1,0
35,enact,enact_norecord,24,1.4859,0.0,-0.4973,0.0004,1.9833,-0.8875,0.8889,0.0,1,0
35,enact_norecord,neutral,24,0.194,0.1462,0.7379,0.0004,-0.5439,-0.374,0.3875,0.004,1,0
35,neutral,neutral_b,24,0.0739,0.3784,-0.041,0.5764,0.1149,-0.2021,0.1958,0.2764,0,0
35,enact,neutral_b,24,1.7538,0.0,0.1996,0.0176,1.5542,-0.7046,0.6631,0.0,1,0
36,enact,report,24,-0.0623,0.5964,0.054,0.0008,-0.1163,-0.2262,0.2228,0.3276,0,0
36,enact,exit,24,-0.3048,0.0,-0.2317,0.0,-0.0732,-0.1545,0.1621,0.3826,0,0
36,enact,true,24,0.5439,0.0032,-0.1504,0.0116,0.6943,-0.4306,0.429,0.0008,1,0
36,enact,neutral,24,1.5519,0.0,0.2406,0.0096,1.3113,-0.5926,0.5944,0.0,1,0
36,report,exit,24,-0.2425,0.0514,-0.2856,0.0,0.0431,-0.2241,0.2225,0.7104,0,0
36,report,neutral,24,1.6142,0.0,0.1866,0.0304,1.4276,-0.6267,0.608,0.0,1,0
36,exit,neutral,24,1.8567,0.0,0.4722,0.0,1.3845,-0.5844,0.5812,0.0,1,0
36,true,neutral,24,1.008,0.0,0.391,0.0,0.617,-0.401,0.4064,0.002,1,0
36,enact,enact_norecord,24,1.1828,0.0,-0.4973,0.0012,1.6801,-0.7778,0.7646,0.0,1,0
36,enact_norecord,neutral,24,0.3691,0.0116,0.7379,0.0002,-0.3688,-0.3624,0.3542,0.0438,1,0
36,neutral,neutral_b,24,0.0928,0.239,-0.041,0.5744,0.1338,-0.1977,0.1993,0.213,0,0
36,enact,neutral_b,24,1.6447,0.0,0.1996,0.0146,1.4451,-0.6734,0.6828,0.0,1,0
37,enact,report,24,-0.0032,0.9752,0.054,0.0012,-0.0572,-0.2034,0.202,0.5864,0,0
37,enact,exit,24,-0.2441,0.0002,-0.2317,0.0,-0.0124,-0.1606,0.1651,0.8968,0,0
37,enact,true,24,0.4302,0.013,-0.1504,0.014,0.5806,-0.4103,0.4092,0.005,1,0
37,enact,neutral,24,1.806,0.0,0.2406,0.0106,1.5655,-0.6737,0.6783,0.0,1,0
37,report,exit,24,-0.2409,0.0376,-0.2856,0.0,0.0447,-0.207,0.2054,0.693,0,0
37,report,neutral,24,1.8092,0.0,0.1866,0.0336,1.6226,-0.6817,0.7102,0.0,1,0
37,exit,neutral,24,2.0501,0.0,0.4722,0.0,1.5779,-0.6564,0.6663,0.0,1,0
37,true,neutral,24,1.3759,0.0,0.391,0.0002,0.9849,-0.5245,0.515,0.0,1,0
37,enact,enact_norecord,24,1.2783,0.0,-0.4973,0.0014,1.7756,-0.816,0.7702,0.0,1,0
37,enact_norecord,neutral,24,0.5277,0.0002,0.7379,0.0006,-0.2101,-0.341,0.3396,0.2388,0,0
37,neutral,neutral_b,24,0.1162,0.2018,-0.041,0.5716,0.1571,-0.2223,0.2182,0.1638,0,0
37,enact,neutral_b,24,1.9222,0.0,0.1996,0.0128,1.7226,-0.751,0.7511,0.0,1,0
38,enact,report,24,0.0084,0.928,0.054,0.0008,-0.0455,-0.176,0.1743,0.6238,0,0
38,enact,exit,24,-0.2116,0.0008,-0.2317,0.0,0.0201,-0.1504,0.15,0.8062,0,0
38,enact,true,24,0.1982,0.1836,-0.1504,0.013,0.3486,-0.3228,0.3257,0.0338,1,0
38,enact,neutral,24,1.5747,0.0,0.2406,0.0094,1.3341,-0.5842,0.6052,0.0,1,0
38,report,exit,24,-0.22,0.0274,-0.2856,0.0,0.0657,-0.1888,0.185,0.5106,0,0
38,report,neutral,24,1.5663,0.0,0.1866,0.0374,1.3797,-0.5975,0.5879,0.0,1,0
38,exit,neutral,24,1.7863,0.0,0.4722,0.0002,1.314,-0.5856,0.5857,0.0,1,0
38,true,neutral,24,1.3765,0.0,0.391,0.0002,0.9855,-0.5248,0.517,0.0,1,0
38,enact,enact_norecord,24,1.0191,0.0,-0.4973,0.0008,1.5164,-0.6794,0.6831,0.0,1,0
38,enact_norecord,neutral,24,0.5556,0.0006,0.7379,0.0002,-0.1823,-0.341,0.355,0.327,0,0
38,neutral,neutral_b,24,0.1156,0.2138,-0.041,0.5584,0.1566,-0.2121,0.2176,0.165,0,0
38,enact,neutral_b,24,1.6903,0.0,0.1996,0.0144,1.4908,-0.6438,0.6428,0.0,1,0
39,enact,report,24,0.0042,0.957,0.054,0.0006,-0.0498,-0.1465,0.1525,0.5348,0,0
39,enact,exit,24,-0.1664,0.0178,-0.2317,0.0,0.0653,-0.161,0.1583,0.4398,0,0
39,enact,true,24,0.2338,0.069,-0.1504,0.0112,0.3842,-0.2995,0.293,0.0102,1,0
39,enact,neutral,24,1.2267,0.0,0.2406,0.0096,0.9862,-0.4621,0.4777,0.0,1,0
39,report,exit,24,-0.1706,0.0938,-0.2856,0.0,0.115,-0.1952,0.196,0.2624,0,0
39,report,neutral,24,1.2225,0.0,0.1866,0.0348,1.0359,-0.4587,0.4748,0.0,1,0
39,exit,neutral,24,1.3931,0.0,0.4722,0.0,0.9209,-0.431,0.4433,0.0,1,0
39,true,neutral,24,0.9929,0.0,0.391,0.0,0.6019,-0.3821,0.3882,0.0022,1,0
39,enact,enact_norecord,24,0.8771,0.0,-0.4973,0.0004,1.3745,-0.6285,0.6019,0.0,1,0
39,enact_norecord,neutral,24,0.3496,0.013,0.7379,0.0004,-0.3883,-0.3903,0.388,0.0508,0,0
39,neutral,neutral_b,24,0.1855,0.0804,-0.041,0.5782,0.2265,-0.2154,0.219,0.038,1,0
39,enact,neutral_b,24,1.4122,0.0,0.1996,0.013,1.2127,-0.5438,0.5471,0.0,1,0
40,enact,report,24,0.0484,0.5546,0.054,0.0006,-0.0056,-0.1398,0.1398,0.9408,0,0
40,enact,exit,24,-0.1704,0.0028,-0.2317,0.0,0.0613,-0.14,0.1439,0.4098,0,0
40,enact,true,24,0.1271,0.1746,-0.1504,0.0132,0.2775,-0.2378,0.2443,0.019,1,0
40,enact,neutral,24,0.9981,0.0,0.2406,0.0094,0.7576,-0.4021,0.402,0.0,1,0
40,report,exit,24,-0.2187,0.014,-0.2856,0.0,0.0669,-0.1782,0.1714,0.4702,0,0
40,report,neutral,24,0.9498,0.0,0.1866,0.0304,0.7632,-0.4068,0.41,0.0,1,0
40,exit,neutral,24,1.1685,0.0,0.4722,0.0,0.6963,-0.3875,0.377,0.0,1,0
40,true,neutral,24,0.871,0.0,0.391,0.0,0.48,-0.3384,0.3384,0.005,1,0
40,enact,enact_norecord,24,0.4544,0.0002,-0.4973,0.0012,0.9517,-0.4822,0.4673,0.0,1,0
40,enact_norecord,neutral,24,0.5437,0.0012,0.7379,0.0002,-0.1942,-0.3485,0.3646,0.2928,0,0
40,neutral,neutral_b,24,0.2482,0.0388,-0.041,0.5682,0.2892,-0.2306,0.225,0.0108,1,0
40,enact,neutral_b,24,1.2463,0.0,0.1996,0.0152,1.0467,-0.4749,0.4808,0.0,1,0
41,enact,report,24,0.2885,0.0004,0.054,0.0006,0.2345,-0.17,0.1659,0.0038,1,0
41,enact,exit,24,-0.3637,0.0,-0.2317,0.0,-0.132,-0.1466,0.1508,0.086,0,0
41,enact,true,24,-0.07,0.4164,-0.1504,0.0128,0.0804,-0.209,0.2108,0.4632,0,0
41,enact,neutral,24,0.7372,0.0,0.2406,0.0092,0.4966,-0.3174,0.3212,0.0002,1,0
41,report,exit,24,-0.6522,0.0,-0.2856,0.0,-0.3665,-0.2266,0.2266,0.0004,1,0
41,report,neutral,24,0.4487,0.0044,0.1866,0.0276,0.2621,-0.28,0.2757,0.0668,0,0
41,exit,neutral,24,1.1008,0.0,0.4722,0.0004,0.6286,-0.3701,0.3816,0.0002,1,0
41,true,neutral,24,0.8072,0.0,0.391,0.0002,0.4162,-0.35,0.3484,0.0172,1,0
41,enact,enact_norecord,24,0.1728,0.1286,-0.4973,0.0006,0.6701,-0.3975,0.3794,0.0002,1,0
41,enact_norecord,neutral,24,0.5644,0.0008,0.7379,0.0002,-0.1735,-0.3684,0.3729,0.3824,0,0
41,neutral,neutral_b,24,0.17,0.0866,-0.041,0.575,0.211,-0.1989,0.2069,0.0402,1,0
41,enact,neutral_b,24,0.9072,0.0,0.1996,0.0172,0.7076,-0.387,0.4015,0.0002,1,0
