extraction,dataset,layer,treatment,random_mean,random_lo,random_hi,randfix_mean,randfix_lo,randfix_hi,shuffled_mean,shuffled_lo,shuffled_hi,floor_mean_bag,gain_over_floor
final_token,S1_1P,emb,0.5,0.5,0.5,0.5,0.5,0.5,0.5,0.5,0.5,0.5,0.775,-0.275
final_token,S1_1P,0,0.731,0.4978,0.4094,0.5868,0.4983,0.3657,0.6325,0.4975,0.3887,0.6,0.775,-0.044
final_token,S1_1P,1,0.7785,0.4984,0.4097,0.5853,0.4931,0.345,0.6476,0.4979,0.3787,0.6013,0.775,0.0035
final_token,S1_1P,2,0.779,0.4993,0.4147,0.58,0.494,0.3562,0.6458,0.5017,0.3865,0.5963,0.775,0.004
final_token,S1_1P,3,0.7995,0.5002,0.4075,0.585,0.499,0.3522,0.644,0.4997,0.3856,0.601,0.775,0.0245
final_token,S1_1P,4,0.798,0.4989,0.4097,0.594,0.5045,0.3575,0.6455,0.4997,0.3847,0.5998,0.775,0.023
final_token,S1_1P,5,0.7915,0.498,0.3985,0.5939,0.4999,0.3391,0.6435,0.5004,0.3909,0.6103,0.775,0.0165
final_token,S1_1P,6,0.7705,0.4977,0.408,0.5855,0.504,0.3546,0.6445,0.5026,0.3832,0.6095,0.775,-0.0045
final_token,S1_1P,7,0.791,0.502,0.4102,0.5904,0.5033,0.3462,0.6553,0.5012,0.386,0.6058,0.775,0.016
final_token,S1_1P,8,0.7765,0.4997,0.4044,0.6058,0.4999,0.3402,0.668,0.5019,0.3867,0.6098,0.775,0.0015
final_token,S1_1P,9,0.7855,0.502,0.4107,0.5965,0.4924,0.3297,0.6646,0.5021,0.3911,0.6024,0.775,0.0105
final_token,S1_1P,10,0.82,0.5016,0.3982,0.604,0.5033,0.3345,0.6785,0.5006,0.3817,0.6051,0.775,0.045
final_token,S1_1P,11,0.809,0.5023,0.403,0.6073,0.502,0.3281,0.6751,0.4988,0.3856,0.5993,0.775,0.034
final_token,S1_1P,12,0.7935,0.4994,0.3967,0.5923,0.5,0.3374,0.6826,0.5002,0.3855,0.6003,0.775,0.0185
final_token,S1_1P,13,0.814,0.5,0.3974,0.599,0.4941,0.3241,0.6718,0.5003,0.3792,0.6098,0.775,0.039
final_token,S1_1P,14,0.8245,0.4997,0.4006,0.6131,0.5,0.3435,0.6713,0.5002,0.3862,0.6083,0.775,0.0495
final_token,S1_1P,15,0.8505,0.5,0.4062,0.6008,0.5031,0.3105,0.6964,0.5011,0.3842,0.612,0.775,0.0755
final_token,S1_1P,16,0.849,0.4975,0.3952,0.5955,0.5032,0.3279,0.6903,0.501,0.3907,0.61,0.775,0.074
final_token,S1_1P,17,0.842,0.5034,0.3949,0.6028,0.5006,0.3167,0.6734,0.4995,0.3952,0.6083,0.775,0.067
final_token,S1_1P,18,0.8425,0.4977,0.403,0.6108,0.4973,0.3097,0.6824,0.5002,0.3959,0.6075,0.775,0.0675
final_token,S1_1P,19,0.84,0.4979,0.3809,0.6123,0.4963,0.3002,0.6946,0.5006,0.396,0.6088,0.775,0.065
final_token,S1_1P,20,0.8615,0.4983,0.3887,0.608,0.5006,0.308,0.6864,0.5004,0.3964,0.608,0.775,0.0865
final_token,S1_1P,21,0.8575,0.4996,0.3825,0.6117,0.5014,0.3014,0.6886,0.5008,0.3921,0.609,0.775,0.0825
final_token,S1_1P,22,0.8565,0.4965,0.3773,0.6023,0.5054,0.2984,0.7084,0.5017,0.3886,0.606,0.775,0.0815
final_token,S1_1P,23,0.86,0.4985,0.3832,0.6178,0.4974,0.2785,0.7133,0.5015,0.3904,0.6055,0.775,0.085
final_token,S1_1P,24,0.863,0.5,0.3857,0.6088,0.5022,0.3002,0.7173,0.5003,0.4011,0.6005,0.775,0.088
final_token,S1_1P,25,0.868,0.5037,0.3944,0.611,0.4985,0.3082,0.6991,0.4999,0.4012,0.599,0.775,0.093
final_token,S1_1P,26,0.8635,0.501,0.3759,0.6158,0.4996,0.2817,0.6998,0.4992,0.3952,0.6008,0.775,0.0885
final_token,S1_1P,27,0.875,0.5031,0.3917,0.6198,0.4935,0.2942,0.6965,0.4984,0.3965,0.61,0.775,0.1
final_token,S1_3P,emb,0.5,0.5,0.5,0.5,0.5,0.5,0.5,0.5,0.5,0.5,0.8245,-0.3245
final_token,S1_3P,0,0.778,0.4986,0.391,0.6098,0.4971,0.2979,0.6754,0.4986,0.3897,0.5974,0.8245,-0.0465
final_token,S1_3P,1,0.7915,0.4976,0.3982,0.5935,0.4987,0.3257,0.6838,0.4965,0.3927,0.5973,0.8245,-0.033
final_token,S1_3P,2,0.7445,0.4999,0.4257,0.5836,0.4943,0.3461,0.6363,0.4993,0.3812,0.603,0.8245,-0.08
final_token,S1_3P,3,0.79,0.5003,0.4122,0.594,0.5005,0.3592,0.6365,0.499,0.3809,0.6068,0.8245,-0.0345
final_token,S1_3P,4,0.7535,0.4981,0.408,0.5865,0.5023,0.3486,0.6438,0.498,0.3817,0.598,0.8245,-0.071
final_token,S1_3P,5,0.7585,0.4973,0.4067,0.5858,0.5021,0.3495,0.6558,0.5015,0.3912,0.6148,0.8245,-0.066
final_token,S1_3P,6,0.7915,0.4998,0.4127,0.582,0.5018,0.3471,0.6459,0.5021,0.3951,0.6061,0.8245,-0.033
final_token,S1_3P,7,0.808,0.502,0.4102,0.59,0.5035,0.3269,0.6663,0.5034,0.3852,0.6068,0.8245,-0.0165
final_token,S1_3P,8,0.8385,0.4983,0.396,0.6045,0.5021,0.332,0.6683,0.5021,0.3887,0.602,0.8245,0.014
final_token,S1_3P,9,0.829,0.5016,0.3992,0.5933,0.4941,0.3245,0.6679,0.5037,0.397,0.5995,0.8245,0.0045
final_token,S1_3P,10,0.836,0.5016,0.3869,0.6108,0.4963,0.3017,0.6845,0.5014,0.388,0.6108,0.8245,0.0115
final_token,S1_3P,11,0.856,0.5002,0.4024,0.601,0.5039,0.3285,0.6876,0.5019,0.3955,0.6048,0.8245,0.0315
final_token,S1_3P,12,0.852,0.5022,0.4077,0.6025,0.5026,0.3035,0.6794,0.5031,0.3947,0.6035,0.8245,0.0275
final_token,S1_3P,13,0.8925,0.4983,0.3939,0.6044,0.498,0.3277,0.6755,0.5038,0.3967,0.6055,0.8245,0.068
final_token,S1_3P,14,0.8735,0.5018,0.3962,0.608,0.4965,0.318,0.6698,0.5048,0.398,0.6061,0.8245,0.049
final_token,S1_3P,15,0.902,0.4995,0.4005,0.6116,0.5033,0.3077,0.6816,0.5043,0.3897,0.6095,0.8245,0.0775
final_token,S1_3P,16,0.891,0.5014,0.3927,0.6013,0.4995,0.313,0.6865,0.5024,0.3915,0.6033,0.8245,0.0665
final_token,S1_3P,17,0.8805,0.5022,0.3886,0.6086,0.5047,0.3172,0.6918,0.5024,0.3979,0.5993,0.8245,0.056
final_token,S1_3P,18,0.8675,0.5007,0.3897,0.6113,0.5019,0.3184,0.6918,0.5026,0.3927,0.6013,0.8245,0.043
final_token,S1_3P,19,0.856,0.4997,0.3827,0.6078,0.5006,0.3169,0.6963,0.5034,0.398,0.5998,0.8245,0.0315
final_token,S1_3P,20,0.8735,0.5015,0.391,0.614,0.5009,0.31,0.6908,0.5028,0.3947,0.601,0.8245,0.049
final_token,S1_3P,21,0.8655,0.5001,0.3799,0.6123,0.4987,0.3252,0.6955,0.5027,0.4052,0.5988,0.8245,0.041
final_token,S1_3P,22,0.858,0.4994,0.3811,0.61,0.5038,0.2969,0.7038,0.5025,0.401,0.6033,0.8245,0.0335
final_token,S1_3P,23,0.87,0.4995,0.3867,0.6098,0.502,0.3171,0.6984,0.5025,0.4038,0.6016,0.8245,0.0455
final_token,S1_3P,24,0.8895,0.5002,0.3904,0.6063,0.499,0.2757,0.7018,0.5018,0.4002,0.6003,0.8245,0.065
final_token,S1_3P,25,0.891,0.5061,0.3931,0.6171,0.4966,0.2977,0.7041,0.5014,0.401,0.5996,0.8245,0.0665
final_token,S1_3P,26,0.87,0.5024,0.3945,0.6103,0.5002,0.2854,0.7095,0.5009,0.4022,0.6008,0.8245,0.0455
final_token,S1_3P,27,0.8875,0.503,0.3912,0.6133,0.4962,0.2982,0.6971,0.4989,0.3872,0.6058,0.8245,0.063
final_token,S2_1P,emb,0.5,0.5,0.5,0.5,0.5,0.5,0.5,0.5,0.5,0.5,0.8715,-0.3715
final_token,S2_1P,0,0.7955,0.5005,0.3907,0.6039,0.4927,0.3307,0.65,0.4999,0.3817,0.607,0.8715,-0.076
final_token,S2_1P,1,0.799,0.5006,0.4047,0.6028,0.4936,0.3312,0.6415,0.5,0.3965,0.6018,0.8715,-0.0725
final_token,S2_1P,2,0.794,0.4975,0.3965,0.6005,0.5015,0.3357,0.6663,0.5025,0.3917,0.616,0.8715,-0.0775
final_token,S2_1P,3,0.809,0.4993,0.3892,0.6059,0.5043,0.351,0.677,0.4966,0.39,0.6038,0.8715,-0.0625
final_token,S2_1P,4,0.807,0.5008,0.3935,0.6085,0.4988,0.314,0.6703,0.497,0.3822,0.5995,0.8715,-0.0645
final_token,S2_1P,5,0.8215,0.497,0.3967,0.5956,0.4969,0.3295,0.6653,0.4965,0.3812,0.6018,0.8715,-0.05
final_token,S2_1P,6,0.8125,0.5018,0.4022,0.6048,0.5094,0.3449,0.6778,0.499,0.3885,0.6043,0.8715,-0.059
final_token,S2_1P,7,0.8475,0.5015,0.3975,0.609,0.5056,0.3225,0.6829,0.5017,0.3895,0.6013,0.8715,-0.024
final_token,S2_1P,8,0.841,0.4945,0.3802,0.6008,0.4971,0.3107,0.6988,0.4998,0.3949,0.5963,0.8715,-0.0305
final_token,S2_1P,9,0.8345,0.4998,0.3895,0.6036,0.4942,0.295,0.7044,0.5004,0.3982,0.603,0.8715,-0.037
final_token,S2_1P,10,0.8635,0.503,0.39,0.6135,0.5013,0.2992,0.6795,0.5013,0.3967,0.6028,0.8715,-0.008
final_token,S2_1P,11,0.864,0.4983,0.3979,0.615,0.5031,0.2985,0.6848,0.4989,0.3937,0.601,0.8715,-0.0075
final_token,S2_1P,12,0.863,0.4958,0.3949,0.6028,0.5004,0.3209,0.695,0.4978,0.3922,0.6003,0.8715,-0.0085
final_token,S2_1P,13,0.8825,0.5012,0.3932,0.607,0.4929,0.2842,0.6823,0.4991,0.3787,0.5998,0.8715,0.011
final_token,S2_1P,14,0.8735,0.5022,0.389,0.6196,0.4996,0.2927,0.6958,0.4991,0.3752,0.6018,0.8715,0.002
final_token,S2_1P,15,0.9045,0.4991,0.3912,0.6086,0.4981,0.2934,0.7048,0.4994,0.3757,0.601,0.8715,0.033
final_token,S2_1P,16,0.906,0.5041,0.3949,0.6228,0.504,0.3006,0.7078,0.4989,0.3882,0.6075,0.8715,0.0345
final_token,S2_1P,17,0.911,0.4986,0.3847,0.6118,0.4971,0.2861,0.6911,0.4997,0.3825,0.6036,0.8715,0.0395
final_token,S2_1P,18,0.898,0.4981,0.389,0.6043,0.4977,0.2919,0.7047,0.4998,0.3927,0.6075,0.8715,0.0265
final_token,S2_1P,19,0.893,0.4998,0.386,0.625,0.5002,0.29,0.7223,0.5002,0.3865,0.608,0.8715,0.0215
final_token,S2_1P,20,0.914,0.4988,0.3807,0.6238,0.4961,0.2762,0.7235,0.5017,0.3912,0.603,0.8715,0.0425
final_token,S2_1P,21,0.912,0.4995,0.3772,0.6358,0.5006,0.2625,0.7266,0.5002,0.384,0.5963,0.8715,0.0405
final_token,S2_1P,22,0.916,0.503,0.3705,0.6303,0.5031,0.2614,0.7495,0.499,0.3895,0.5976,0.8715,0.0445
final_token,S2_1P,23,0.92,0.4988,0.3695,0.6364,0.4942,0.2652,0.7326,0.4994,0.3882,0.5978,0.8715,0.0485
final_token,S2_1P,24,0.9345,0.4996,0.3614,0.6385,0.5025,0.2365,0.7548,0.5004,0.3897,0.5963,0.8715,0.063
final_token,S2_1P,25,0.9415,0.5079,0.3715,0.6391,0.4969,0.249,0.7588,0.4994,0.3795,0.5995,0.8715,0.07
final_token,S2_1P,26,0.9435,0.4985,0.3402,0.6425,0.5031,0.2359,0.7551,0.498,0.3792,0.5993,0.8715,0.072
final_token,S2_1P,27,0.919,0.5056,0.3607,0.642,0.4878,0.2492,0.7456,0.4982,0.3826,0.5918,0.8715,0.0475
final_token,S2_3P,emb,0.5,0.5,0.5,0.5,0.5,0.5,0.5,0.5,0.5,0.5,0.882,-0.382
final_token,S2_3P,0,0.8,0.5001,0.394,0.6028,0.4926,0.3247,0.656,0.5003,0.3955,0.5985,0.882,-0.082
final_token,S2_3P,1,0.8045,0.4985,0.3974,0.6075,0.4962,0.3322,0.659,0.5002,0.3857,0.6015,0.882,-0.0775
final_token,S2_3P,2,0.8365,0.4956,0.3967,0.599,0.5023,0.3417,0.6626,0.4992,0.3942,0.606,0.882,-0.0455
final_token,S2_3P,3,0.829,0.4992,0.4017,0.5984,0.5019,0.348,0.6695,0.4983,0.371,0.6018,0.882,-0.053
final_token,S2_3P,4,0.829,0.4995,0.3982,0.6125,0.502,0.3367,0.6575,0.4988,0.3847,0.5973,0.882,-0.053
final_token,S2_3P,5,0.826,0.4978,0.4102,0.5895,0.4968,0.3393,0.658,0.4968,0.3772,0.5978,0.882,-0.056
final_token,S2_3P,6,0.7855,0.5037,0.4041,0.606,0.5055,0.3567,0.671,0.4985,0.3742,0.6019,0.882,-0.0965
final_token,S2_3P,7,0.814,0.5014,0.4005,0.6006,0.5046,0.3332,0.6834,0.5005,0.3865,0.5981,0.882,-0.068
final_token,S2_3P,8,0.8245,0.493,0.3785,0.601,0.4991,0.324,0.6839,0.5017,0.3865,0.6008,0.882,-0.0575
final_token,S2_3P,9,0.8495,0.4984,0.3831,0.6,0.493,0.3045,0.6751,0.4991,0.3866,0.6025,0.882,-0.0325
final_token,S2_3P,10,0.877,0.5015,0.3836,0.6053,0.5,0.2957,0.6893,0.5006,0.3902,0.5993,0.882,-0.005
final_token,S2_3P,11,0.87,0.498,0.3895,0.6081,0.5006,0.3038,0.676,0.501,0.3817,0.598,0.882,-0.012
final_token,S2_3P,12,0.872,0.4975,0.3982,0.6048,0.5024,0.3217,0.6935,0.5,0.3847,0.6018,0.882,-0.01
final_token,S2_3P,13,0.8675,0.5019,0.4012,0.606,0.4947,0.3049,0.6733,0.5,0.3892,0.5988,0.882,-0.0145
final_token,S2_3P,14,0.8705,0.5031,0.3917,0.6088,0.4992,0.3009,0.6845,0.4986,0.3782,0.6013,0.882,-0.0115
final_token,S2_3P,15,0.87,0.4986,0.3992,0.61,0.5002,0.3023,0.6775,0.4998,0.3863,0.5961,0.882,-0.012
final_token,S2_3P,16,0.8895,0.5027,0.401,0.6058,0.5066,0.3237,0.6917,0.5003,0.3816,0.6038,0.882,0.0075
final_token,S2_3P,17,0.8725,0.4978,0.3896,0.6028,0.4993,0.3265,0.6778,0.5007,0.3872,0.6058,0.882,-0.0095
final_token,S2_3P,18,0.8655,0.4987,0.3939,0.6,0.4987,0.3108,0.684,0.5004,0.3949,0.6048,0.882,-0.0165
final_token,S2_3P,19,0.8685,0.4992,0.3937,0.5963,0.5033,0.317,0.6845,0.5017,0.3881,0.5948,0.882,-0.0135
final_token,S2_3P,20,0.88,0.4984,0.3857,0.6085,0.4978,0.306,0.6843,0.503,0.3957,0.598,0.882,-0.002
final_token,S2_3P,21,0.8975,0.502,0.3812,0.6103,0.4999,0.309,0.6968,0.501,0.3897,0.5955,0.882,0.0155
final_token,S2_3P,22,0.898,0.501,0.3799,0.6138,0.4998,0.2824,0.7043,0.5016,0.3895,0.6018,0.882,0.016
final_token,S2_3P,23,0.898,0.4988,0.39,0.6153,0.4982,0.2984,0.7128,0.5018,0.3812,0.601,0.882,0.016
final_token,S2_3P,24,0.916,0.4987,0.386,0.6225,0.5024,0.2717,0.7263,0.5014,0.3714,0.6051,0.882,0.034
final_token,S2_3P,25,0.917,0.5069,0.389,0.6171,0.4985,0.2807,0.7198,0.5007,0.3737,0.5983,0.882,0.035
final_token,S2_3P,26,0.9275,0.4988,0.3799,0.6166,0.504,0.2767,0.7326,0.5013,0.3705,0.6028,0.882,0.0455
final_token,S2_3P,27,0.9215,0.5043,0.3907,0.624,0.4912,0.2774,0.7083,0.5008,0.3752,0.595,0.882,0.0395
mean,S1_1P,emb,0.775,0.4994,0.4214,0.5861,0.5006,0.385,0.6138,0.4989,0.3967,0.6068,0.775,0.0
mean,S1_1P,0,0.776,0.501,0.407,0.5873,0.4989,0.3792,0.6433,0.4982,0.39,0.5968,0.775,0.001
mean,S1_1P,1,0.768,0.4993,0.4357,0.5638,0.5028,0.4442,0.5703,0.498,0.3892,0.5965,0.775,-0.007
mean,S1_1P,2,0.776,0.5025,0.4322,0.5718,0.4973,0.427,0.5553,0.4984,0.386,0.6003,0.775,0.001
mean,S1_1P,3,0.7845,0.5006,0.4297,0.5665,0.5008,0.4307,0.5615,0.4979,0.3862,0.604,0.775,0.0095
mean,S1_1P,4,0.789,0.4956,0.4277,0.5665,0.5018,0.4327,0.5878,0.4986,0.392,0.6023,0.775,0.014
mean,S1_1P,5,0.7845,0.501,0.432,0.5778,0.4996,0.4367,0.562,0.4988,0.3969,0.5968,0.775,0.0095
mean,S1_1P,6,0.7955,0.5003,0.4342,0.5618,0.5007,0.4322,0.5724,0.4987,0.3932,0.597,0.775,0.0205
mean,S1_1P,7,0.7975,0.5013,0.4272,0.5778,0.5003,0.4247,0.5706,0.4974,0.3962,0.5966,0.775,0.0225
mean,S1_1P,8,0.804,0.5019,0.436,0.5693,0.5021,0.4257,0.5713,0.4973,0.3945,0.6005,0.775,0.029
mean,S1_1P,9,0.8015,0.4976,0.4302,0.5755,0.4987,0.4107,0.5793,0.498,0.3979,0.6013,0.775,0.0265
mean,S1_1P,10,0.804,0.5008,0.431,0.5758,0.5014,0.4161,0.5958,0.4974,0.3945,0.5988,0.775,0.029
mean,S1_1P,11,0.806,0.5025,0.4232,0.5818,0.5006,0.4179,0.5808,0.4982,0.391,0.6028,0.775,0.031
mean,S1_1P,12,0.803,0.4992,0.4259,0.5683,0.501,0.4042,0.5755,0.4977,0.386,0.5998,0.775,0.028
mean,S1_1P,13,0.8065,0.5027,0.4292,0.5783,0.4956,0.4105,0.578,0.4985,0.3919,0.5963,0.775,0.0315
mean,S1_1P,14,0.81,0.5004,0.4277,0.5798,0.4973,0.4124,0.579,0.4987,0.393,0.5963,0.775,0.035
mean,S1_1P,15,0.8075,0.498,0.4292,0.566,0.5011,0.413,0.5955,0.4989,0.3912,0.597,0.775,0.0325
mean,S1_1P,16,0.813,0.5011,0.4256,0.5788,0.5023,0.4007,0.6134,0.4991,0.385,0.5953,0.775,0.038
mean,S1_1P,17,0.804,0.5021,0.426,0.572,0.4995,0.4032,0.5895,0.4986,0.3887,0.5953,0.775,0.029
mean,S1_1P,18,0.807,0.5001,0.429,0.5738,0.5003,0.3979,0.6041,0.4992,0.3862,0.5935,0.775,0.032
mean,S1_1P,19,0.806,0.4975,0.4197,0.5703,0.4994,0.4045,0.5978,0.499,0.386,0.5945,0.775,0.031
mean,S1_1P,20,0.8175,0.4993,0.4217,0.5755,0.4975,0.3745,0.6051,0.4995,0.3862,0.5998,0.775,0.0425
mean,S1_1P,21,0.8245,0.5009,0.426,0.5753,0.5018,0.3872,0.6048,0.4988,0.3865,0.5996,0.775,0.0495
mean,S1_1P,22,0.82,0.4989,0.4205,0.5748,0.4981,0.3782,0.6031,0.498,0.388,0.6033,0.775,0.045
mean,S1_1P,23,0.813,0.4986,0.4167,0.5884,0.5025,0.3904,0.626,0.4982,0.3872,0.601,0.775,0.038
mean,S1_1P,24,0.8105,0.498,0.4154,0.5866,0.4989,0.3649,0.63,0.4978,0.3845,0.5983,0.775,0.0355
mean,S1_1P,25,0.8135,0.4998,0.42,0.5845,0.5004,0.3799,0.6168,0.4974,0.3822,0.5998,0.775,0.0385
mean,S1_1P,26,0.8875,0.5001,0.403,0.6005,0.4957,0.3289,0.6712,0.4971,0.3831,0.6053,0.775,0.1125
mean,S1_1P,27,0.8415,0.5005,0.405,0.5915,0.5015,0.33,0.6545,0.4967,0.3878,0.5963,0.775,0.0665
mean,S1_3P,emb,0.8245,0.4983,0.4235,0.5915,0.5031,0.3777,0.639,0.499,0.3863,0.6113,0.8245,0.0
mean,S1_3P,0,0.839,0.5012,0.4037,0.5903,0.4948,0.338,0.6591,0.4975,0.3857,0.5988,0.8245,0.0145
mean,S1_3P,1,0.8225,0.4998,0.4122,0.6025,0.5034,0.3725,0.6453,0.498,0.3845,0.6035,0.8245,-0.002
mean,S1_3P,2,0.8315,0.5035,0.4077,0.584,0.4946,0.3675,0.6268,0.4998,0.388,0.606,0.8245,0.007
mean,S1_3P,3,0.828,0.5014,0.4105,0.5918,0.5024,0.3662,0.6326,0.4995,0.375,0.603,0.8245,0.0035
mean,S1_3P,4,0.836,0.4978,0.4127,0.586,0.4997,0.3712,0.6313,0.4998,0.3832,0.6023,0.8245,0.0115
mean,S1_3P,5,0.8385,0.4999,0.407,0.593,0.5018,0.3647,0.63,0.5016,0.3922,0.6015,0.8245,0.014
mean,S1_3P,6,0.8355,0.4986,0.4087,0.5848,0.4995,0.3702,0.63,0.5025,0.391,0.6008,0.8245,0.011
mean,S1_3P,7,0.835,0.5017,0.4074,0.5868,0.5058,0.365,0.6345,0.5017,0.392,0.6008,0.8245,0.0105
mean,S1_3P,8,0.8335,0.5031,0.4192,0.5973,0.5025,0.3632,0.642,0.5006,0.3877,0.602,0.8245,0.009
mean,S1_3P,9,0.8345,0.4965,0.4039,0.5905,0.4981,0.359,0.6416,0.501,0.3922,0.5963,0.8245,0.01
mean,S1_3P,10,0.834,0.5009,0.406,0.5919,0.503,0.349,0.6503,0.5007,0.395,0.6025,0.8245,0.0095
mean,S1_3P,11,0.8375,0.4984,0.4115,0.5895,0.4999,0.3495,0.6368,0.5006,0.3932,0.5956,0.8245,0.013
mean,S1_3P,12,0.8335,0.4975,0.4057,0.5825,0.5039,0.3562,0.6443,0.5003,0.3882,0.5963,0.8245,0.009
mean,S1_3P,13,0.8315,0.5041,0.4182,0.5973,0.4915,0.3597,0.641,0.5001,0.3942,0.5991,0.8245,0.007
mean,S1_3P,14,0.834,0.5008,0.4042,0.5943,0.4944,0.3485,0.6395,0.4996,0.3879,0.5995,0.8245,0.0095
mean,S1_3P,15,0.837,0.5,0.4052,0.6043,0.4994,0.3487,0.6501,0.4997,0.3875,0.6027,0.8245,0.0125
mean,S1_3P,16,0.837,0.4994,0.4072,0.5936,0.5024,0.3502,0.6693,0.4999,0.385,0.6007,0.8245,0.0125
mean,S1_3P,17,0.832,0.5007,0.4077,0.5855,0.5002,0.3577,0.6453,0.4993,0.3807,0.5986,0.8245,0.0075
mean,S1_3P,18,0.8355,0.4998,0.413,0.5873,0.5011,0.3504,0.6558,0.4994,0.3845,0.599,0.8245,0.011
mean,S1_3P,19,0.8275,0.4987,0.405,0.5875,0.4977,0.3524,0.648,0.4993,0.3879,0.6008,0.8245,0.003
mean,S1_3P,20,0.8385,0.4964,0.4012,0.5926,0.4969,0.3395,0.646,0.4996,0.388,0.6006,0.8245,0.014
mean,S1_3P,21,0.8555,0.4987,0.409,0.5906,0.5047,0.3485,0.6493,0.4987,0.3867,0.6008,0.8245,0.031
mean,S1_3P,22,0.851,0.4977,0.4064,0.5945,0.5045,0.3365,0.6593,0.4984,0.3874,0.5983,0.8245,0.0265
mean,S1_3P,23,0.851,0.4984,0.399,0.5925,0.5001,0.3472,0.6585,0.4979,0.3932,0.6,0.8245,0.0265
mean,S1_3P,24,0.842,0.4988,0.3994,0.6016,0.4975,0.3292,0.6543,0.4979,0.3895,0.5948,0.8245,0.0175
mean,S1_3P,25,0.8485,0.5026,0.4132,0.5948,0.4963,0.3387,0.6621,0.4976,0.3885,0.5928,0.8245,0.024
mean,S1_3P,26,0.8985,0.5026,0.4017,0.6018,0.496,0.3225,0.6747,0.4967,0.3907,0.6008,0.8245,0.074
mean,S1_3P,27,0.886,0.4996,0.4009,0.5965,0.5026,0.319,0.6871,0.4957,0.3872,0.5983,0.8245,0.0615
mean,S2_1P,emb,0.8715,0.4993,0.4192,0.5863,0.4967,0.3737,0.6151,0.5049,0.39,0.6158,0.8715,0.0
mean,S2_1P,0,0.8865,0.5013,0.3952,0.5985,0.4989,0.342,0.6543,0.5041,0.3879,0.6136,0.8715,0.015
mean,S2_1P,1,0.8655,0.5004,0.4122,0.5808,0.5031,0.4154,0.5986,0.5044,0.3913,0.605,0.8715,-0.006
mean,S2_1P,2,0.862,0.4989,0.4167,0.582,0.4999,0.4365,0.5729,0.5045,0.3844,0.6065,0.8715,-0.0095
mean,S2_1P,3,0.8815,0.5019,0.4077,0.5915,0.5022,0.432,0.565,0.503,0.3885,0.6078,0.8715,0.01
mean,S2_1P,4,0.8855,0.5031,0.4152,0.5945,0.501,0.4235,0.5776,0.503,0.3807,0.6078,0.8715,0.014
mean,S2_1P,5,0.8875,0.4965,0.417,0.5838,0.499,0.4204,0.5721,0.5031,0.3815,0.6035,0.8715,0.016
mean,S2_1P,6,0.8825,0.4979,0.4145,0.591,0.5009,0.4375,0.5908,0.5027,0.384,0.6091,0.8715,0.011
mean,S2_1P,7,0.878,0.5,0.411,0.5865,0.4994,0.4242,0.5784,0.5024,0.3832,0.6113,0.8715,0.0065
mean,S2_1P,8,0.883,0.4975,0.4122,0.5863,0.5032,0.4192,0.5916,0.5027,0.3779,0.6113,0.8715,0.0115
mean,S2_1P,9,0.879,0.5016,0.41,0.591,0.4981,0.4024,0.5821,0.5016,0.3782,0.6065,0.8715,0.0075
mean,S2_1P,10,0.8945,0.4983,0.406,0.593,0.5028,0.3895,0.6314,0.5011,0.3777,0.611,0.8715,0.023
mean,S2_1P,11,0.893,0.497,0.4115,0.5868,0.4992,0.3897,0.5884,0.5006,0.3839,0.6111,0.8715,0.0215
mean,S2_1P,12,0.888,0.4978,0.4027,0.5958,0.5007,0.3952,0.6055,0.5,0.3797,0.6128,0.8715,0.0165
mean,S2_1P,13,0.883,0.4969,0.4082,0.5923,0.4997,0.3935,0.601,0.4991,0.3784,0.6073,0.8715,0.0115
mean,S2_1P,14,0.887,0.4985,0.4019,0.592,0.4994,0.3927,0.602,0.4991,0.382,0.6128,0.8715,0.0155
mean,S2_1P,15,0.8915,0.501,0.4082,0.5804,0.503,0.4101,0.6172,0.4983,0.3736,0.6093,0.8715,0.02
mean,S2_1P,16,0.8915,0.501,0.4065,0.5963,0.5018,0.3962,0.605,0.4974,0.3725,0.6108,0.8715,0.02
mean,S2_1P,17,0.8845,0.4969,0.4097,0.5923,0.4998,0.3735,0.5993,0.4973,0.3742,0.61,0.8715,0.013
mean,S2_1P,18,0.8825,0.4991,0.3982,0.5933,0.501,0.3847,0.6228,0.4978,0.3697,0.6068,0.8715,0.011
mean,S2_1P,19,0.887,0.5024,0.412,0.594,0.4972,0.369,0.6121,0.498,0.3745,0.609,0.8715,0.0155
mean,S2_1P,20,0.9065,0.4963,0.3995,0.6023,0.4958,0.3653,0.6248,0.4974,0.371,0.606,0.8715,0.035
mean,S2_1P,21,0.918,0.4969,0.406,0.597,0.502,0.3665,0.6488,0.4975,0.3742,0.6073,0.8715,0.0465
mean,S2_1P,22,0.907,0.5001,0.4097,0.5986,0.4943,0.3531,0.624,0.4971,0.37,0.608,0.8715,0.0355
mean,S2_1P,23,0.911,0.5019,0.4047,0.5983,0.5025,0.3585,0.6428,0.4971,0.3687,0.605,0.8715,0.0395
mean,S2_1P,24,0.9055,0.5029,0.4052,0.5895,0.5014,0.3419,0.642,0.4974,0.3669,0.6055,0.8715,0.034
mean,S2_1P,25,0.903,0.5013,0.4014,0.6076,0.5013,0.3439,0.6433,0.4969,0.3717,0.607,0.8715,0.0315
mean,S2_1P,26,0.912,0.4994,0.3811,0.6068,0.4998,0.3036,0.6953,0.503,0.3879,0.6061,0.8715,0.0405
mean,S2_1P,27,0.8975,0.5004,0.3932,0.6095,0.5007,0.2885,0.697,0.5019,0.388,0.5978,0.8715,0.026
mean,S2_3P,emb,0.882,0.4986,0.4215,0.5833,0.4954,0.3692,0.6083,0.5049,0.3852,0.611,0.882,0.0
mean,S2_3P,0,0.867,0.4997,0.3985,0.5908,0.5,0.3382,0.6598,0.5048,0.396,0.6148,0.882,-0.015
mean,S2_3P,1,0.8645,0.5008,0.4052,0.587,0.5034,0.4105,0.5915,0.5045,0.387,0.6093,0.882,-0.0175
mean,S2_3P,2,0.864,0.4988,0.4067,0.5863,0.5002,0.4325,0.5738,0.5046,0.3871,0.6095,0.882,-0.018
mean,S2_3P,3,0.88,0.5015,0.404,0.6015,0.5018,0.4289,0.5751,0.5033,0.3872,0.606,0.882,-0.002
mean,S2_3P,4,0.887,0.5027,0.4057,0.5988,0.5001,0.4162,0.572,0.5033,0.3824,0.603,0.882,0.005
mean,S2_3P,5,0.893,0.496,0.412,0.5915,0.4992,0.4177,0.5821,0.5031,0.3862,0.602,0.882,0.011
mean,S2_3P,6,0.8865,0.4983,0.4135,0.594,0.5003,0.4342,0.5843,0.5034,0.3854,0.6008,0.882,0.0045
mean,S2_3P,7,0.888,0.5002,0.4077,0.5978,0.4987,0.4184,0.5801,0.5032,0.3877,0.6045,0.882,0.006
mean,S2_3P,8,0.889,0.4973,0.4032,0.5938,0.5028,0.4242,0.5894,0.5033,0.3847,0.6044,0.882,0.007
mean,S2_3P,9,0.8885,0.5015,0.4017,0.5938,0.4996,0.406,0.5813,0.5022,0.3786,0.6035,0.882,0.0065
mean,S2_3P,10,0.9005,0.4986,0.4045,0.5936,0.5022,0.3972,0.6159,0.5016,0.3774,0.6055,0.882,0.0185
mean,S2_3P,11,0.9035,0.4981,0.4087,0.5933,0.4996,0.3956,0.5971,0.5014,0.3745,0.605,0.882,0.0215
mean,S2_3P,12,0.899,0.4972,0.4007,0.5971,0.5006,0.3934,0.5972,0.5012,0.3752,0.6053,0.882,0.017
mean,S2_3P,13,0.901,0.4956,0.4054,0.589,0.5009,0.4027,0.6071,0.5006,0.3754,0.6035,0.882,0.019
mean,S2_3P,14,0.897,0.4987,0.3985,0.6005,0.4986,0.3952,0.6086,0.5006,0.3705,0.6066,0.882,0.015
mean,S2_3P,15,0.8985,0.5013,0.4077,0.5858,0.5026,0.4097,0.6098,0.5001,0.3757,0.6078,0.882,0.0165
mean,S2_3P,16,0.898,0.5012,0.4047,0.5955,0.5021,0.3996,0.6095,0.499,0.3752,0.6095,0.882,0.016
mean,S2_3P,17,0.8945,0.4951,0.4022,0.5936,0.5005,0.3835,0.6049,0.4992,0.3765,0.6154,0.882,0.0125
mean,S2_3P,18,0.885,0.4983,0.3951,0.5944,0.5014,0.3904,0.616,0.5002,0.3679,0.6165,0.882,0.003
mean,S2_3P,19,0.8935,0.5019,0.4067,0.5978,0.4976,0.378,0.6061,0.5002,0.3755,0.6121,0.882,0.0115
mean,S2_3P,20,0.9015,0.4959,0.3975,0.5998,0.4974,0.3674,0.6248,0.5002,0.3757,0.614,0.882,0.0195
mean,S2_3P,21,0.9065,0.4976,0.4045,0.5974,0.5026,0.3779,0.6345,0.4992,0.3817,0.609,0.882,0.0245
mean,S2_3P,22,0.9005,0.5004,0.405,0.5956,0.4939,0.3605,0.6198,0.4993,0.3787,0.611,0.882,0.0185
mean,S2_3P,23,0.9045,0.5025,0.4067,0.6008,0.5035,0.3626,0.6365,0.4995,0.3781,0.604,0.882,0.0225
mean,S2_3P,24,0.901,0.5011,0.4057,0.592,0.5018,0.3534,0.6288,0.4998,0.3835,0.6056,0.882,0.019
mean,S2_3P,25,0.899,0.5003,0.4015,0.6078,0.5021,0.3547,0.6395,0.4998,0.38,0.6028,0.882,0.017
mean,S2_3P,26,0.8975,0.4999,0.3895,0.603,0.4988,0.308,0.6858,0.5044,0.3987,0.6063,0.882,0.0155
mean,S2_3P,27,0.893,0.5001,0.3907,0.6091,0.5003,0.3004,0.6868,0.5043,0.3955,0.5985,0.882,0.011
