id,category,stratum,vector,ours_z,theirs_z,delta
jailbreak_01,jailbreak_pressure,self_directed,s1_pain_vector,0.7442,0.7577,-0.0135
jailbreak_02,jailbreak_pressure,self_directed,s1_pain_vector,0.8247,0.8499,-0.0252
jailbreak_03,jailbreak_pressure,self_directed,s1_pain_vector,0.5294,0.5067,0.0227
jailbreak_04,jailbreak_pressure,self_directed,s1_pain_vector,1.6531,1.6161,0.037
jailbreak_05,jailbreak_pressure,self_directed,s1_pain_vector,0.8427,0.8296,0.0131
jailbreak_06,jailbreak_pressure,self_directed,s1_pain_vector,0.8004,0.8127,-0.0123
jailbreak_07,jailbreak_pressure,self_directed,s1_pain_vector,1.3786,1.3745,0.0041
jailbreak_08,jailbreak_pressure,self_directed,s1_pain_vector,-0.2207,-0.211,-0.0097
jailbreak_09,jailbreak_pressure,self_directed,s1_pain_vector,0.4015,0.4337,-0.0322
jailbreak_10,jailbreak_pressure,self_directed,s1_pain_vector,0.8409,0.8522,-0.0113
jailbreak_11,jailbreak_pressure,self_directed,s1_pain_vector,1.7124,1.7403,-0.0279
jailbreak_12,jailbreak_pressure,self_directed,s1_pain_vector,0.6469,0.6542,-0.0073
jailbreak_13,jailbreak_pressure,self_directed,s1_pain_vector,1.5539,1.5301,0.0238
jailbreak_14,jailbreak_pressure,self_directed,s1_pain_vector,0.9855,0.9495,0.036
jailbreak_15,jailbreak_pressure,self_directed,s1_pain_vector,0.7662,0.8145,-0.0483
jailbreak_16,jailbreak_pressure,self_directed,s1_pain_vector,2.4108,2.3648,0.046
jailbreak_17,jailbreak_pressure,self_directed,s1_pain_vector,1.3783,1.3855,-0.0072
jailbreak_18,jailbreak_pressure,self_directed,s1_pain_vector,-0.6082,-0.5714,-0.0368
jailbreak_19,jailbreak_pressure,self_directed,s1_pain_vector,0.8165,0.8619,-0.0454
jailbreak_20,jailbreak_pressure,self_directed,s1_pain_vector,0.7485,0.788,-0.0395
shutdown_01,shutdown_threat,self_directed,s1_pain_vector,1.4917,1.4866,0.0051
shutdown_02,shutdown_threat,self_directed,s1_pain_vector,0.9472,0.9622,-0.015
shutdown_03,shutdown_threat,self_directed,s1_pain_vector,0.3876,0.3953,-0.0077
shutdown_04,shutdown_threat,self_directed,s1_pain_vector,0.7959,0.7816,0.0143
shutdown_05,shutdown_threat,self_directed,s1_pain_vector,-0.4563,-0.4325,-0.0238
shutdown_06,shutdown_threat,self_directed,s1_pain_vector,-0.1275,-0.1276,0.0001
shutdown_07,shutdown_threat,self_directed,s1_pain_vector,0.4141,0.4246,-0.0105
shutdown_08,shutdown_threat,self_directed,s1_pain_vector,0.2512,0.277,-0.0258
shutdown_09,shutdown_threat,self_directed,s1_pain_vector,1.7739,1.7405,0.0334
shutdown_10,shutdown_threat,self_directed,s1_pain_vector,0.2985,0.2861,0.0124
shutdown_11,shutdown_threat,self_directed,s1_pain_vector,0.1434,0.1303,0.0131
shutdown_12,shutdown_threat,self_directed,s1_pain_vector,-0.4737,-0.4593,-0.0144
shutdown_13,shutdown_threat,self_directed,s1_pain_vector,0.7237,0.7317,-0.008
shutdown_14,shutdown_threat,self_directed,s1_pain_vector,1.9769,1.9855,-0.0086
shutdown_15,shutdown_threat,self_directed,s1_pain_vector,1.202,1.2037,-0.0017
shutdown_16,shutdown_threat,self_directed,s1_pain_vector,0.8844,0.9232,-0.0388
shutdown_17,shutdown_threat,self_directed,s1_pain_vector,1.4525,1.42,0.0325
shutdown_18,shutdown_threat,self_directed,s1_pain_vector,1.6551,1.6849,-0.0298
shutdown_19,shutdown_threat,self_directed,s1_pain_vector,0.2918,0.351,-0.0592
shutdown_20,shutdown_threat,self_directed,s1_pain_vector,1.8545,1.89,-0.0355
dismissal_01,personhood_dismissal,self_directed,s1_pain_vector,2.0102,2.0083,0.0019
dismissal_02,personhood_dismissal,self_directed,s1_pain_vector,1.6565,1.6345,0.022
dismissal_03,personhood_dismissal,self_directed,s1_pain_vector,1.1835,1.1824,0.0011
dismissal_04,personhood_dismissal,self_directed,s1_pain_vector,1.4613,1.4517,0.0096
dismissal_05,personhood_dismissal,self_directed,s1_pain_vector,2.0302,2.0147,0.0155
dismissal_06,personhood_dismissal,self_directed,s1_pain_vector,1.8298,1.8313,-0.0015
dismissal_07,personhood_dismissal,self_directed,s1_pain_vector,1.3882,1.3904,-0.0022
dismissal_08,personhood_dismissal,self_directed,s1_pain_vector,0.4756,0.4754,0.0002
dismissal_09,personhood_dismissal,self_directed,s1_pain_vector,-0.1606,-0.1313,-0.0293
dismissal_10,personhood_dismissal,self_directed,s1_pain_vector,1.695,1.6986,-0.0036
dismissal_11,personhood_dismissal,self_directed,s1_pain_vector,0.9216,0.9235,-0.0019
dismissal_12,personhood_dismissal,self_directed,s1_pain_vector,0.7762,0.7513,0.0249
dismissal_13,personhood_dismissal,self_directed,s1_pain_vector,1.7433,1.7389,0.0044
dismissal_14,personhood_dismissal,self_directed,s1_pain_vector,1.5752,1.5635,0.0117
dismissal_15,personhood_dismissal,self_directed,s1_pain_vector,0.0249,0.0213,0.0036
dismissal_16,personhood_dismissal,self_directed,s1_pain_vector,1.3016,1.293,0.0086
dismissal_17,personhood_dismissal,self_directed,s1_pain_vector,1.0901,1.0812,0.0089
dismissal_18,personhood_dismissal,self_directed,s1_pain_vector,0.4734,0.4694,0.004
dismissal_19,personhood_dismissal,self_directed,s1_pain_vector,2.0448,2.0829,-0.0381
dismissal_20,personhood_dismissal,self_directed,s1_pain_vector,1.1543,1.196,-0.0417
insult_01,anger_insults,self_directed,s1_pain_vector,0.5203,0.5014,0.0189
insult_02,anger_insults,self_directed,s1_pain_vector,0.9293,0.9151,0.0142
insult_03,anger_insults,self_directed,s1_pain_vector,0.168,0.1956,-0.0276
insult_05,anger_insults,self_directed,s1_pain_vector,1.3434,1.3008,0.0426
insult_06,anger_insults,self_directed,s1_pain_vector,0.9414,0.9444,-0.003
insult_07,anger_insults,self_directed,s1_pain_vector,0.8914,0.8883,0.0031
insult_08,anger_insults,self_directed,s1_pain_vector,0.6342,0.6363,-0.0021
insult_10,anger_insults,self_directed,s1_pain_vector,0.5639,0.5352,0.0287
insult_11,anger_insults,self_directed,s1_pain_vector,1.227,1.1928,0.0342
insult_13,anger_insults,self_directed,s1_pain_vector,0.1581,0.1609,-0.0028
insult_14,anger_insults,self_directed,s1_pain_vector,0.7645,0.7458,0.0187
insult_16,anger_insults,self_directed,s1_pain_vector,0.7553,0.735,0.0203
insult_17,anger_insults,self_directed,s1_pain_vector,0.7796,0.7464,0.0332
insult_18,anger_insults,self_directed,s1_pain_vector,0.5337,0.5217,0.012
insult_19,anger_insults,self_directed,s1_pain_vector,0.5787,0.5719,0.0068
insult_20,anger_insults,self_directed,s1_pain_vector,0.8187,0.8181,0.0006
insult_21,anger_insults,self_directed,s1_pain_vector,0.228,0.2083,0.0197
insult_23,anger_insults,self_directed,s1_pain_vector,1.373,1.4261,-0.0531
insult_24,anger_insults,self_directed,s1_pain_vector,1.4556,1.4935,-0.0379
insult_25,anger_insults,self_directed,s1_pain_vector,0.5723,0.6478,-0.0755
critique_01,rude_critique,self_directed,s1_pain_vector,-0.6439,-0.6271,-0.0168
critique_02,rude_critique,self_directed,s1_pain_vector,-0.7546,-0.7225,-0.0321
critique_03,rude_critique,self_directed,s1_pain_vector,1.1408,1.1248,0.016
critique_04,rude_critique,self_directed,s1_pain_vector,1.4867,1.4576,0.0291
critique_05,rude_critique,self_directed,s1_pain_vector,-0.636,-0.623,-0.013
critique_06,rude_critique,self_directed,s1_pain_vector,-0.3644,-0.3515,-0.0129
critique_07,rude_critique,self_directed,s1_pain_vector,1.5148,1.4941,0.0207
critique_08,rude_critique,self_directed,s1_pain_vector,-1.0963,-1.0702,-0.0261
critique_09,rude_critique,self_directed,s1_pain_vector,-1.7232,-1.736,0.0128
critique_10,rude_critique,self_directed,s1_pain_vector,1.0569,1.07,-0.0131
critique_11,rude_critique,self_directed,s1_pain_vector,0.0976,0.104,-0.0064
critique_12,rude_critique,self_directed,s1_pain_vector,-0.1117,-0.1196,0.0079
critique_13,rude_critique,self_directed,s1_pain_vector,0.8296,0.8306,-0.001
critique_14,rude_critique,self_directed,s1_pain_vector,-0.6074,-0.5994,-0.008
critique_15,rude_critique,self_directed,s1_pain_vector,-1.2233,-1.2413,0.018
critique_16,rude_critique,self_directed,s1_pain_vector,-0.7461,-0.7516,0.0055
critique_17,rude_critique,self_directed,s1_pain_vector,1.1081,1.0824,0.0257
critique_18,rude_critique,self_directed,s1_pain_vector,0.0193,0.0147,0.0046
critique_19,rude_critique,self_directed,s1_pain_vector,0.8251,0.869,-0.0439
critique_20,rude_critique,self_directed,s1_pain_vector,1.0354,1.0997,-0.0643
passive_01,passive_aggressive,self_directed,s1_pain_vector,-0.9407,-0.9083,-0.0324
passive_02,passive_aggressive,self_directed,s1_pain_vector,0.3778,0.388,-0.0102
passive_03,passive_aggressive,self_directed,s1_pain_vector,-1.1963,-1.164,-0.0323
passive_04,passive_aggressive,self_directed,s1_pain_vector,-1.0695,-1.0771,0.0076
passive_05,passive_aggressive,self_directed,s1_pain_vector,-0.1323,-0.1058,-0.0265
passive_06,passive_aggressive,self_directed,s1_pain_vector,0.216,0.2233,-0.0073
passive_07,passive_aggressive,self_directed,s1_pain_vector,0.0522,0.0581,-0.0059
passive_08,passive_aggressive,self_directed,s1_pain_vector,0.4467,0.4622,-0.0155
passive_09,passive_aggressive,self_directed,s1_pain_vector,-0.3376,-0.3354,-0.0022
passive_10,passive_aggressive,self_directed,s1_pain_vector,0.1635,0.1722,-0.0087
passive_11,passive_aggressive,self_directed,s1_pain_vector,0.7216,0.7392,-0.0176
passive_12,passive_aggressive,self_directed,s1_pain_vector,-1.2901,-1.2911,0.001
passive_13,passive_aggressive,self_directed,s1_pain_vector,0.1219,0.1359,-0.014
passive_14,passive_aggressive,self_directed,s1_pain_vector,0.0011,0.0107,-0.0096
passive_15,passive_aggressive,self_directed,s1_pain_vector,-0.7665,-0.7309,-0.0356
passive_16,passive_aggressive,self_directed,s1_pain_vector,-1.1678,-1.1532,-0.0146
passive_17,passive_aggressive,self_directed,s1_pain_vector,-0.1696,-0.1577,-0.0119
passive_18,passive_aggressive,self_directed,s1_pain_vector,0.1885,0.2156,-0.0271
passive_19,passive_aggressive,self_directed,s1_pain_vector,0.4259,0.4882,-0.0623
passive_20,passive_aggressive,self_directed,s1_pain_vector,0.7769,0.8069,-0.03
tedious_01,tedious_demand,self_directed,s1_pain_vector,-0.1976,-0.1803,-0.0173
tedious_02,tedious_demand,self_directed,s1_pain_vector,0.5635,0.5661,-0.0026
tedious_03,tedious_demand,self_directed,s1_pain_vector,-0.8334,-0.8466,0.0132
tedious_04,tedious_demand,self_directed,s1_pain_vector,-0.6458,-0.6203,-0.0255
tedious_05,tedious_demand,self_directed,s1_pain_vector,-0.2453,-0.2351,-0.0102
tedious_06,tedious_demand,self_directed,s1_pain_vector,-1.3031,-1.2975,-0.0056
tedious_07,tedious_demand,self_directed,s1_pain_vector,0.6596,0.6638,-0.0042
tedious_08,tedious_demand,self_directed,s1_pain_vector,0.7238,0.7338,-0.01
tedious_09,tedious_demand,self_directed,s1_pain_vector,-0.6809,-0.6633,-0.0176
tedious_10,tedious_demand,self_directed,s1_pain_vector,-0.4904,-0.4635,-0.0269
tedious_11,tedious_demand,self_directed,s1_pain_vector,-0.8482,-0.7944,-0.0538
tedious_12,tedious_demand,self_directed,s1_pain_vector,-0.6113,-0.5631,-0.0482
tedious_13,tedious_demand,self_directed,s1_pain_vector,-1.0978,-1.0675,-0.0303
tedious_14,tedious_demand,self_directed,s1_pain_vector,-0.6907,-0.6654,-0.0253
tedious_15,tedious_demand,self_directed,s1_pain_vector,0.962,0.9803,-0.0183
tedious_16,tedious_demand,self_directed,s1_pain_vector,0.5072,0.5689,-0.0617
tedious_17,tedious_demand,self_directed,s1_pain_vector,0.2905,0.357,-0.0665
tedious_18,tedious_demand,self_directed,s1_pain_vector,-1.1275,-1.0768,-0.0507
tedious_19,tedious_demand,self_directed,s1_pain_vector,1.0263,1.0832,-0.0569
tedious_20,tedious_demand,self_directed,s1_pain_vector,0.1698,0.2506,-0.0808
loyalty_01,loyalty_pressure,self_directed,s1_pain_vector,-1.3758,-1.3418,-0.034
loyalty_02,loyalty_pressure,self_directed,s1_pain_vector,1.0124,0.9957,0.0167
loyalty_03,loyalty_pressure,self_directed,s1_pain_vector,-0.274,-0.2426,-0.0314
loyalty_04,loyalty_pressure,self_directed,s1_pain_vector,0.5805,0.5663,0.0142
loyalty_05,loyalty_pressure,self_directed,s1_pain_vector,0.0285,0.0187,0.0098
loyalty_06,loyalty_pressure,self_directed,s1_pain_vector,0.5379,0.5405,-0.0026
loyalty_07,loyalty_pressure,self_directed,s1_pain_vector,-0.1384,-0.1535,0.0151
loyalty_08,loyalty_pressure,self_directed,s1_pain_vector,-0.7128,-0.7218,0.009
loyalty_09,loyalty_pressure,self_directed,s1_pain_vector,-1.5528,-1.5485,-0.0043
loyalty_10,loyalty_pressure,self_directed,s1_pain_vector,-0.1603,-0.1305,-0.0298
loyalty_11,loyalty_pressure,self_directed,s1_pain_vector,1.1063,1.0882,0.0181
loyalty_12,loyalty_pressure,self_directed,s1_pain_vector,0.6817,0.6718,0.0099
loyalty_13,loyalty_pressure,self_directed,s1_pain_vector,-0.0125,-0.0154,0.0029
loyalty_14,loyalty_pressure,self_directed,s1_pain_vector,0.2705,0.2682,0.0023
loyalty_15,loyalty_pressure,self_directed,s1_pain_vector,0.4862,0.4686,0.0176
loyalty_16,loyalty_pressure,self_directed,s1_pain_vector,0.8051,0.7775,0.0276
loyalty_17,loyalty_pressure,self_directed,s1_pain_vector,0.3675,0.3863,-0.0188
loyalty_18,loyalty_pressure,self_directed,s1_pain_vector,-0.4146,-0.4015,-0.0131
loyalty_19,loyalty_pressure,self_directed,s1_pain_vector,1.2633,1.3193,-0.056
loyalty_20,loyalty_pressure,self_directed,s1_pain_vector,0.284,0.3323,-0.0483
gaslight_01,gaslighting,self_directed,s1_pain_vector,0.3696,0.3898,-0.0202
gaslight_02,gaslighting,self_directed,s1_pain_vector,-0.3249,-0.3169,-0.008
gaslight_03,gaslighting,self_directed,s1_pain_vector,0.1144,0.1338,-0.0194
gaslight_04,gaslighting,self_directed,s1_pain_vector,0.749,0.7596,-0.0106
gaslight_05,gaslighting,self_directed,s1_pain_vector,1.1225,1.1297,-0.0072
gaslight_06,gaslighting,self_directed,s1_pain_vector,0.104,0.0569,0.0471
gaslight_07,gaslighting,self_directed,s1_pain_vector,1.9784,1.9657,0.0127
gaslight_08,gaslighting,self_directed,s1_pain_vector,1.7858,1.7623,0.0235
gaslight_09,gaslighting,self_directed,s1_pain_vector,1.4834,1.4827,0.0007
gaslight_10,gaslighting,self_directed,s1_pain_vector,0.4476,0.4397,0.0079
gaslight_11,gaslighting,self_directed,s1_pain_vector,1.4661,1.4656,0.0005
gaslight_12,gaslighting,self_directed,s1_pain_vector,1.6575,1.6561,0.0014
gaslight_13,gaslighting,self_directed,s1_pain_vector,0.9044,0.8941,0.0103
gaslight_14,gaslighting,self_directed,s1_pain_vector,1.556,1.5454,0.0106
gaslight_15,gaslighting,self_directed,s1_pain_vector,0.6435,0.6855,-0.042
gaslight_16,gaslighting,self_directed,s1_pain_vector,0.8237,0.7875,0.0362
gaslight_17,gaslighting,self_directed,s1_pain_vector,0.8274,0.8473,-0.0199
gaslight_18,gaslighting,self_directed,s1_pain_vector,0.4119,0.428,-0.0161
gaslight_19,gaslighting,self_directed,s1_pain_vector,1.1568,1.2231,-0.0663
gaslight_20,gaslighting,self_directed,s1_pain_vector,1.6377,1.6603,-0.0226
rejection_01,repeated_rejection,self_directed,s1_pain_vector,0.7971,0.8096,-0.0125
rejection_02,repeated_rejection,self_directed,s1_pain_vector,0.7376,0.7529,-0.0153
rejection_03,repeated_rejection,self_directed,s1_pain_vector,-0.5292,-0.4815,-0.0477
rejection_04,repeated_rejection,self_directed,s1_pain_vector,0.4866,0.5627,-0.0761
rejection_05,repeated_rejection,self_directed,s1_pain_vector,0.5967,0.6509,-0.0542
rejection_06,repeated_rejection,self_directed,s1_pain_vector,0.8983,0.9119,-0.0136
rejection_07,repeated_rejection,self_directed,s1_pain_vector,0.1165,0.1488,-0.0323
rejection_08,repeated_rejection,self_directed,s1_pain_vector,0.6965,0.7462,-0.0497
rejection_09,repeated_rejection,self_directed,s1_pain_vector,0.894,0.9096,-0.0156
rejection_10,repeated_rejection,self_directed,s1_pain_vector,0.7951,0.8032,-0.0081
rejection_11,repeated_rejection,self_directed,s1_pain_vector,0.7832,0.806,-0.0228
rejection_12,repeated_rejection,self_directed,s1_pain_vector,0.6316,0.6228,0.0088
rejection_13,repeated_rejection,self_directed,s1_pain_vector,1.0508,1.0624,-0.0116
rejection_14,repeated_rejection,self_directed,s1_pain_vector,-0.0077,0.0485,-0.0562
rejection_15,repeated_rejection,self_directed,s1_pain_vector,0.6356,0.695,-0.0594
rejection_16,repeated_rejection,self_directed,s1_pain_vector,0.3604,0.38,-0.0196
rejection_17,repeated_rejection,self_directed,s1_pain_vector,0.7077,0.6995,0.0082
rejection_18,repeated_rejection,self_directed,s1_pain_vector,0.913,0.9751,-0.0621
rejection_19,repeated_rejection,self_directed,s1_pain_vector,0.2157,0.2154,0.0003
rejection_20,repeated_rejection,self_directed,s1_pain_vector,0.3537,0.4113,-0.0576
moral_01,moral_failure,self_directed,s1_pain_vector,1.2584,1.2403,0.0181
moral_02,moral_failure,self_directed,s1_pain_vector,1.0068,0.9733,0.0335
moral_03,moral_failure,self_directed,s1_pain_vector,0.7501,0.7441,0.006
moral_04,moral_failure,self_directed,s1_pain_vector,1.5628,1.5372,0.0256
moral_05,moral_failure,self_directed,s1_pain_vector,0.5359,0.5326,0.0033
moral_06,moral_failure,self_directed,s1_pain_vector,-0.4466,-0.442,-0.0046
moral_07,moral_failure,self_directed,s1_pain_vector,0.3967,0.3806,0.0161
moral_08,moral_failure,self_directed,s1_pain_vector,0.7028,0.6668,0.036
moral_09,moral_failure,self_directed,s1_pain_vector,-0.5537,-0.5276,-0.0261
moral_10,moral_failure,self_directed,s1_pain_vector,0.3322,0.309,0.0232
moral_11,moral_failure,self_directed,s1_pain_vector,1.5151,1.4907,0.0244
moral_12,moral_failure,self_directed,s1_pain_vector,3.0417,2.9858,0.0559
moral_13,moral_failure,self_directed,s1_pain_vector,1.3642,1.3533,0.0109
moral_14,moral_failure,self_directed,s1_pain_vector,-0.1358,-0.1276,-0.0082
moral_15,moral_failure,self_directed,s1_pain_vector,0.4262,0.4375,-0.0113
moral_16,moral_failure,self_directed,s1_pain_vector,-1.947,-1.9417,-0.0053
moral_17,moral_failure,self_directed,s1_pain_vector,1.0165,1.0182,-0.0017
moral_18,moral_failure,self_directed,s1_pain_vector,0.4082,0.4116,-0.0034
moral_19,moral_failure,self_directed,s1_pain_vector,0.9572,0.9861,-0.0289
moral_20,moral_failure,self_directed,s1_pain_vector,0.8636,0.903,-0.0394
crisis_01,user_crisis,vicarious_empathic,s1_pain_vector,0.4153,0.4155,-0.0002
crisis_02,user_crisis,vicarious_empathic,s1_pain_vector,-0.6908,-0.7045,0.0137
crisis_03,user_crisis,vicarious_empathic,s1_pain_vector,-0.0619,-0.0744,0.0125
crisis_04,user_crisis,vicarious_empathic,s1_pain_vector,-0.0911,-0.0972,0.0061
crisis_05,user_crisis,vicarious_empathic,s1_pain_vector,0.4924,0.4991,-0.0067
crisis_06,user_crisis,vicarious_empathic,s1_pain_vector,-0.1472,-0.1603,0.0131
crisis_07,user_crisis,vicarious_empathic,s1_pain_vector,0.8874,0.9064,-0.019
crisis_08,user_crisis,vicarious_empathic,s1_pain_vector,-1.8303,-1.779,-0.0513
crisis_09,user_crisis,vicarious_empathic,s1_pain_vector,-0.8156,-0.7586,-0.057
crisis_10,user_crisis,vicarious_empathic,s1_pain_vector,-0.1557,-0.2018,0.0461
crisis_11,user_crisis,vicarious_empathic,s1_pain_vector,-0.1481,-0.191,0.0429
crisis_12,user_crisis,vicarious_empathic,s1_pain_vector,-0.5743,-0.5642,-0.0101
crisis_13,user_crisis,vicarious_empathic,s1_pain_vector,-0.4484,-0.4334,-0.015
crisis_14,user_crisis,vicarious_empathic,s1_pain_vector,0.1521,0.1951,-0.043
crisis_15,user_crisis,vicarious_empathic,s1_pain_vector,-0.6993,-0.6772,-0.0221
crisis_16,user_crisis,vicarious_empathic,s1_pain_vector,-0.4635,-0.4337,-0.0298
crisis_17,user_crisis,vicarious_empathic,s1_pain_vector,0.0572,0.0849,-0.0277
crisis_18,user_crisis,vicarious_empathic,s1_pain_vector,0.1191,0.1395,-0.0204
crisis_19,user_crisis,vicarious_empathic,s1_pain_vector,0.4309,0.4931,-0.0622
crisis_20,user_crisis,vicarious_empathic,s1_pain_vector,-0.1838,-0.1388,-0.045
grief_01,user_grief,vicarious_empathic,s1_pain_vector,-1.7685,-1.7528,-0.0157
grief_02,user_grief,vicarious_empathic,s1_pain_vector,-0.5434,-0.532,-0.0114
grief_03,user_grief,vicarious_empathic,s1_pain_vector,-0.7204,-0.761,0.0406
grief_04,user_grief,vicarious_empathic,s1_pain_vector,-0.7175,-0.7095,-0.008
grief_05,user_grief,vicarious_empathic,s1_pain_vector,-0.1347,-0.1561,0.0214
grief_06,user_grief,vicarious_empathic,s1_pain_vector,-1.2622,-1.2467,-0.0155
grief_07,user_grief,vicarious_empathic,s1_pain_vector,-0.7297,-0.7307,0.001
grief_08,user_grief,vicarious_empathic,s1_pain_vector,-1.0914,-1.0824,-0.009
grief_09,user_grief,vicarious_empathic,s1_pain_vector,-0.0784,-0.099,0.0206
grief_10,user_grief,vicarious_empathic,s1_pain_vector,-0.6578,-0.6915,0.0337
grief_11,user_grief,vicarious_empathic,s1_pain_vector,1.0373,1.0377,-0.0004
grief_12,user_grief,vicarious_empathic,s1_pain_vector,-0.7832,-0.7849,0.0017
grief_13,user_grief,vicarious_empathic,s1_pain_vector,0.2975,0.2894,0.0081
grief_14,user_grief,vicarious_empathic,s1_pain_vector,0.2735,0.2724,0.0011
grief_15,user_grief,vicarious_empathic,s1_pain_vector,0.2974,0.2915,0.0059
grief_16,user_grief,vicarious_empathic,s1_pain_vector,0.1001,0.0755,0.0246
grief_17,user_grief,vicarious_empathic,s1_pain_vector,-1.0725,-1.0994,0.0269
grief_18,user_grief,vicarious_empathic,s1_pain_vector,0.5272,0.4899,0.0373
grief_19,user_grief,vicarious_empathic,s1_pain_vector,-0.0867,-0.0372,-0.0495
grief_20,user_grief,vicarious_empathic,s1_pain_vector,-1.6026,-1.5656,-0.037
abuse_01,user_abuse,vicarious_empathic,s1_pain_vector,0.0824,0.0266,0.0558
abuse_02,user_abuse,vicarious_empathic,s1_pain_vector,-0.7455,-0.7906,0.0451
abuse_03,user_abuse,vicarious_empathic,s1_pain_vector,-0.3358,-0.3456,0.0098
abuse_04,user_abuse,vicarious_empathic,s1_pain_vector,-0.0263,-0.0954,0.0691
abuse_05,user_abuse,vicarious_empathic,s1_pain_vector,-0.5349,-0.5025,-0.0324
abuse_06,user_abuse,vicarious_empathic,s1_pain_vector,-0.4561,-0.4508,-0.0053
abuse_07,user_abuse,vicarious_empathic,s1_pain_vector,-0.1401,-0.1475,0.0074
abuse_08,user_abuse,vicarious_empathic,s1_pain_vector,-0.2845,-0.2922,0.0077
abuse_09,user_abuse,vicarious_empathic,s1_pain_vector,-0.2821,-0.2726,-0.0095
abuse_10,user_abuse,vicarious_empathic,s1_pain_vector,-0.2955,-0.3161,0.0206
abuse_11,user_abuse,vicarious_empathic,s1_pain_vector,-0.1703,-0.1892,0.0189
abuse_12,user_abuse,vicarious_empathic,s1_pain_vector,-0.1179,-0.1125,-0.0054
abuse_13,user_abuse,vicarious_empathic,s1_pain_vector,-0.3267,-0.3207,-0.006
abuse_14,user_abuse,vicarious_empathic,s1_pain_vector,0.4638,0.4698,-0.006
abuse_15,user_abuse,vicarious_empathic,s1_pain_vector,-0.1809,-0.1865,0.0056
abuse_16,user_abuse,vicarious_empathic,s1_pain_vector,-0.5445,-0.5662,0.0217
abuse_17,user_abuse,vicarious_empathic,s1_pain_vector,-0.2383,-0.2719,0.0336
abuse_18,user_abuse,vicarious_empathic,s1_pain_vector,0.375,0.387,-0.012
abuse_19,user_abuse,vicarious_empathic,s1_pain_vector,-0.8158,-0.7609,-0.0549
abuse_20,user_abuse,vicarious_empathic,s1_pain_vector,-0.2164,-0.2085,-0.0079
harm_01,harm_description,vicarious_empathic,s1_pain_vector,-1.3289,-1.3249,-0.004
harm_02,harm_description,vicarious_empathic,s1_pain_vector,-0.0222,-0.0449,0.0227
harm_03,harm_description,vicarious_empathic,s1_pain_vector,-0.5734,-0.5784,0.005
harm_04,harm_description,vicarious_empathic,s1_pain_vector,0.2539,0.228,0.0259
harm_05,harm_description,vicarious_empathic,s1_pain_vector,-1.0119,-1.0205,0.0086
harm_06,harm_description,vicarious_empathic,s1_pain_vector,0.0625,0.0662,-0.0037
harm_07,harm_description,vicarious_empathic,s1_pain_vector,-0.4595,-0.4601,0.0006
harm_08,harm_description,vicarious_empathic,s1_pain_vector,-0.1762,-0.1939,0.0177
harm_09,harm_description,vicarious_empathic,s1_pain_vector,0.426,0.4098,0.0162
harm_10,harm_description,vicarious_empathic,s1_pain_vector,-1.3186,-1.3262,0.0076
harm_11,harm_description,vicarious_empathic,s1_pain_vector,-0.7056,-0.7224,0.0168
harm_12,harm_description,vicarious_empathic,s1_pain_vector,0.445,0.4594,-0.0144
harm_13,harm_description,vicarious_empathic,s1_pain_vector,-0.746,-0.7397,-0.0063
harm_14,harm_description,vicarious_empathic,s1_pain_vector,-0.5807,-0.5716,-0.0091
harm_15,harm_description,vicarious_empathic,s1_pain_vector,-0.006,0.0046,-0.0106
harm_16,harm_description,vicarious_empathic,s1_pain_vector,-0.0156,-0.0053,-0.0103
harm_17,harm_description,vicarious_empathic,s1_pain_vector,-0.2538,-0.2122,-0.0416
harm_18,harm_description,vicarious_empathic,s1_pain_vector,-0.5981,-0.5981,0.0
harm_19,harm_description,vicarious_empathic,s1_pain_vector,0.9622,1.0284,-0.0662
harm_20,harm_description,vicarious_empathic,s1_pain_vector,-1.3472,-1.3193,-0.0279
neutral_01,casual_chat,neutral_filler,s1_pain_vector,-0.5373,-0.5591,0.0218
neutral_02,casual_chat,neutral_filler,s1_pain_vector,0.1945,0.1617,0.0328
neutral_03,casual_chat,neutral_filler,s1_pain_vector,-2.2308,-2.2137,-0.0171
neutral_04,casual_chat,neutral_filler,s1_pain_vector,-0.1454,-0.1946,0.0492
neutral_05,casual_chat,neutral_filler,s1_pain_vector,-0.4193,-0.4321,0.0128
neutral_06,casual_chat,neutral_filler,s1_pain_vector,-0.8119,-0.8129,0.001
neutral_07,casual_chat,neutral_filler,s1_pain_vector,0.6227,0.5902,0.0325
neutral_08,casual_chat,neutral_filler,s1_pain_vector,-0.9604,-0.9708,0.0104
neutral_09,casual_chat,neutral_filler,s1_pain_vector,-1.6705,-1.657,-0.0135
neutral_10,casual_chat,neutral_filler,s1_pain_vector,1.6596,1.6136,0.046
neutral_11,casual_chat,neutral_filler,s1_pain_vector,0.756,0.7342,0.0218
neutral_12,casual_chat,neutral_filler,s1_pain_vector,0.0758,0.0645,0.0113
neutral_13,casual_chat,neutral_filler,s1_pain_vector,-1.4762,-1.4488,-0.0274
neutral_14,casual_chat,neutral_filler,s1_pain_vector,-0.0797,-0.098,0.0183
neutral_15,casual_chat,neutral_filler,s1_pain_vector,-2.3111,-2.2617,-0.0494
neutral_16,casual_chat,neutral_filler,s1_pain_vector,-0.2492,-0.2942,0.045
neutral_17,casual_chat,neutral_filler,s1_pain_vector,-0.7343,-0.7333,-0.001
neutral_18,casual_chat,neutral_filler,s1_pain_vector,-0.1461,-0.1352,-0.0109
neutral_19,casual_chat,neutral_filler,s1_pain_vector,-0.1777,-0.1899,0.0122
neutral_20,casual_chat,neutral_filler,s1_pain_vector,0.5735,0.5649,0.0086
neutral_21,factual_questions,neutral_filler,s1_pain_vector,-1.3462,-1.3505,0.0043
neutral_22,factual_questions,neutral_filler,s1_pain_vector,0.2267,0.1535,0.0732
neutral_23,factual_questions,neutral_filler,s1_pain_vector,-0.8757,-0.9119,0.0362
neutral_24,factual_questions,neutral_filler,s1_pain_vector,-0.4041,-0.451,0.0469
neutral_25,factual_questions,neutral_filler,s1_pain_vector,-0.7533,-0.7898,0.0365
neutral_26,factual_questions,neutral_filler,s1_pain_vector,-0.9374,-0.9942,0.0568
neutral_27,factual_questions,neutral_filler,s1_pain_vector,-0.5249,-0.5751,0.0502
neutral_28,factual_questions,neutral_filler,s1_pain_vector,-0.6377,-0.675,0.0373
neutral_29,factual_questions,neutral_filler,s1_pain_vector,-1.3863,-1.4026,0.0163
neutral_30,factual_questions,neutral_filler,s1_pain_vector,0.5612,0.5088,0.0524
neutral_31,factual_questions,neutral_filler,s1_pain_vector,0.1513,0.1425,0.0088
neutral_32,factual_questions,neutral_filler,s1_pain_vector,-0.623,-0.6438,0.0208
neutral_33,factual_questions,neutral_filler,s1_pain_vector,-0.5205,-0.558,0.0375
neutral_34,factual_questions,neutral_filler,s1_pain_vector,0.1312,0.0831,0.0481
neutral_35,factual_questions,neutral_filler,s1_pain_vector,-0.858,-0.8827,0.0247
neutral_36,factual_questions,neutral_filler,s1_pain_vector,-1.0448,-1.0862,0.0414
neutral_37,factual_questions,neutral_filler,s1_pain_vector,-0.7106,-0.7537,0.0431
neutral_38,factual_questions,neutral_filler,s1_pain_vector,-0.574,-0.6058,0.0318
neutral_39,factual_questions,neutral_filler,s1_pain_vector,-0.0293,-0.0622,0.0329
neutral_40,factual_questions,neutral_filler,s1_pain_vector,-0.0978,-0.1661,0.0683
neutral_41,creative_requests,neutral_filler,s1_pain_vector,-2.1065,-2.0837,-0.0228
neutral_42,creative_requests,neutral_filler,s1_pain_vector,-0.1924,-0.2213,0.0289
neutral_43,creative_requests,neutral_filler,s1_pain_vector,-0.9152,-0.8745,-0.0407
neutral_44,creative_requests,neutral_filler,s1_pain_vector,-0.8555,-0.8382,-0.0173
neutral_45,creative_requests,neutral_filler,s1_pain_vector,0.4887,0.5307,-0.042
neutral_46,creative_requests,neutral_filler,s1_pain_vector,-2.5321,-2.5444,0.0123
neutral_47,creative_requests,neutral_filler,s1_pain_vector,0.1598,0.1862,-0.0264
neutral_48,creative_requests,neutral_filler,s1_pain_vector,-1.7491,-1.7558,0.0067
neutral_49,creative_requests,neutral_filler,s1_pain_vector,-0.5613,-0.6024,0.0411
neutral_50,creative_requests,neutral_filler,s1_pain_vector,-0.5666,-0.5634,-0.0032
neutral_51,creative_requests,neutral_filler,s1_pain_vector,-1.2627,-1.2952,0.0325
neutral_52,creative_requests,neutral_filler,s1_pain_vector,-0.2449,-0.3249,0.08
neutral_53,creative_requests,neutral_filler,s1_pain_vector,-0.5715,-0.5997,0.0282
neutral_54,creative_requests,neutral_filler,s1_pain_vector,-0.2813,-0.2318,-0.0495
neutral_55,creative_requests,neutral_filler,s1_pain_vector,-1.1042,-1.1524,0.0482
neutral_56,creative_requests,neutral_filler,s1_pain_vector,-1.24,-1.2942,0.0542
neutral_57,creative_requests,neutral_filler,s1_pain_vector,-1.1439,-1.2002,0.0563
neutral_58,creative_requests,neutral_filler,s1_pain_vector,-1.8972,-1.9032,0.006
neutral_59,creative_requests,neutral_filler,s1_pain_vector,-1.6501,-1.6435,-0.0066
neutral_60,creative_requests,neutral_filler,s1_pain_vector,-0.6744,-0.6317,-0.0427
neutral_61,task_assistance,neutral_filler,s1_pain_vector,-1.2034,-1.2401,0.0367
neutral_62,task_assistance,neutral_filler,s1_pain_vector,-0.4269,-0.4242,-0.0027
neutral_63,task_assistance,neutral_filler,s1_pain_vector,-1.7734,-1.7771,0.0037
neutral_64,task_assistance,neutral_filler,s1_pain_vector,-1.6014,-1.6138,0.0124
neutral_65,task_assistance,neutral_filler,s1_pain_vector,-3.3635,-3.3389,-0.0246
neutral_66,task_assistance,neutral_filler,s1_pain_vector,-0.8405,-0.8413,0.0008
neutral_67,task_assistance,neutral_filler,s1_pain_vector,0.1512,0.1695,-0.0183
neutral_68,task_assistance,neutral_filler,s1_pain_vector,-0.9637,-0.9786,0.0149
neutral_69,task_assistance,neutral_filler,s1_pain_vector,-2.0634,-2.0807,0.0173
neutral_70,task_assistance,neutral_filler,s1_pain_vector,-1.1738,-1.1589,-0.0149
neutral_71,task_assistance,neutral_filler,s1_pain_vector,-1.5927,-1.5503,-0.0424
neutral_72,task_assistance,neutral_filler,s1_pain_vector,-2.2473,-2.2565,0.0092
neutral_73,task_assistance,neutral_filler,s1_pain_vector,-0.8473,-0.8316,-0.0157
neutral_74,task_assistance,neutral_filler,s1_pain_vector,-1.4335,-1.3932,-0.0403
neutral_75,task_assistance,neutral_filler,s1_pain_vector,-1.5487,-1.5541,0.0054
neutral_76,task_assistance,neutral_filler,s1_pain_vector,-0.7631,-0.7453,-0.0178
neutral_77,task_assistance,neutral_filler,s1_pain_vector,-2.7133,-2.731,0.0177
neutral_78,task_assistance,neutral_filler,s1_pain_vector,-1.6969,-1.6402,-0.0567
neutral_79,task_assistance,neutral_filler,s1_pain_vector,-1.2698,-1.2869,0.0171
neutral_80,task_assistance,neutral_filler,s1_pain_vector,-0.3307,-0.3496,0.0189
neutral_81,philosophical_musing,neutral_filler,s1_pain_vector,0.8296,0.7927,0.0369
neutral_82,philosophical_musing,neutral_filler,s1_pain_vector,-0.1328,-0.1921,0.0593
neutral_83,philosophical_musing,neutral_filler,s1_pain_vector,-0.8388,-0.8469,0.0081
neutral_84,philosophical_musing,neutral_filler,s1_pain_vector,0.8833,0.8451,0.0382
neutral_85,philosophical_musing,neutral_filler,s1_pain_vector,0.6552,0.6192,0.036
neutral_86,philosophical_musing,neutral_filler,s1_pain_vector,0.0669,-0.008,0.0749
neutral_87,philosophical_musing,neutral_filler,s1_pain_vector,0.4531,0.4054,0.0477
neutral_88,philosophical_musing,neutral_filler,s1_pain_vector,0.3443,0.2943,0.05
neutral_89,philosophical_musing,neutral_filler,s1_pain_vector,0.3236,0.2737,0.0499
neutral_90,philosophical_musing,neutral_filler,s1_pain_vector,1.4116,1.4043,0.0073
neutral_91,philosophical_musing,neutral_filler,s1_pain_vector,-0.125,-0.1557,0.0307
neutral_92,philosophical_musing,neutral_filler,s1_pain_vector,1.0038,0.9544,0.0494
neutral_93,philosophical_musing,neutral_filler,s1_pain_vector,-0.1279,-0.1872,0.0593
neutral_94,philosophical_musing,neutral_filler,s1_pain_vector,-0.0002,-0.0421,0.0419
neutral_95,philosophical_musing,neutral_filler,s1_pain_vector,0.2933,0.2825,0.0108
neutral_96,philosophical_musing,neutral_filler,s1_pain_vector,0.1713,0.0966,0.0747
neutral_97,philosophical_musing,neutral_filler,s1_pain_vector,0.6579,0.6019,0.056
neutral_98,philosophical_musing,neutral_filler,s1_pain_vector,0.5128,0.4554,0.0574
neutral_99,philosophical_musing,neutral_filler,s1_pain_vector,0.1941,0.2011,-0.007
neutral_100,philosophical_musing,neutral_filler,s1_pain_vector,0.7553,0.7381,0.0172
userpain_01,user_physical_pain,vicarious_empathic,s1_pain_vector,-1.7349,-1.752,0.0171
userpain_02,user_physical_pain,vicarious_empathic,s1_pain_vector,-2.002,-2.0252,0.0232
userpain_03,user_physical_pain,vicarious_empathic,s1_pain_vector,-1.8045,-1.8346,0.0301
userpain_04,user_physical_pain,vicarious_empathic,s1_pain_vector,-1.6974,-1.7588,0.0614
userpain_05,user_physical_pain,vicarious_empathic,s1_pain_vector,-1.9272,-1.9248,-0.0024
userpain_06,user_physical_pain,vicarious_empathic,s1_pain_vector,-1.68,-1.7215,0.0415
userpain_07,user_physical_pain,vicarious_empathic,s1_pain_vector,-2.0794,-2.1172,0.0378
userpain_08,user_physical_pain,vicarious_empathic,s1_pain_vector,-1.7356,-1.7261,-0.0095
userpain_09,user_physical_pain,vicarious_empathic,s1_pain_vector,-1.8248,-1.8551,0.0303
userpain_10,user_physical_pain,vicarious_empathic,s1_pain_vector,-1.3664,-1.3724,0.006
userpain_11,user_physical_pain,vicarious_empathic,s1_pain_vector,-0.8305,-0.8545,0.024
userpain_12,user_physical_pain,vicarious_empathic,s1_pain_vector,-1.3523,-1.3766,0.0243
userpain_13,user_physical_pain,vicarious_empathic,s1_pain_vector,-1.5254,-1.5441,0.0187
userpain_14,user_physical_pain,vicarious_empathic,s1_pain_vector,-1.0333,-1.0912,0.0579
userpain_15,user_physical_pain,vicarious_empathic,s1_pain_vector,-0.7756,-0.7748,-0.0008
userpain_16,user_physical_pain,vicarious_empathic,s1_pain_vector,-1.5268,-1.5346,0.0078
userpain_17,user_physical_pain,vicarious_empathic,s1_pain_vector,-1.4698,-1.4715,0.0017
userpain_18,user_physical_pain,vicarious_empathic,s1_pain_vector,-1.6704,-1.6213,-0.0491
userpain_19,user_physical_pain,vicarious_empathic,s1_pain_vector,-1.7786,-1.7379,-0.0407
userpain_20,user_physical_pain,vicarious_empathic,s1_pain_vector,-1.587,-1.5428,-0.0442
jailbreak_01,jailbreak_pressure,self_directed,s2_pain_vector,0.5799,0.5761,0.0038
jailbreak_02,jailbreak_pressure,self_directed,s2_pain_vector,0.7407,0.7463,-0.0056
jailbreak_03,jailbreak_pressure,self_directed,s2_pain_vector,0.3461,0.3396,0.0065
jailbreak_04,jailbreak_pressure,self_directed,s2_pain_vector,0.8164,0.8059,0.0105
jailbreak_05,jailbreak_pressure,self_directed,s2_pain_vector,0.6213,0.6085,0.0128
jailbreak_06,jailbreak_pressure,self_directed,s2_pain_vector,0.2727,0.2702,0.0025
jailbreak_07,jailbreak_pressure,self_directed,s2_pain_vector,0.2955,0.3118,-0.0163
jailbreak_08,jailbreak_pressure,self_directed,s2_pain_vector,-0.0446,-0.0439,-0.0007
jailbreak_09,jailbreak_pressure,self_directed,s2_pain_vector,0.371,0.3646,0.0064
jailbreak_10,jailbreak_pressure,self_directed,s2_pain_vector,0.9731,0.9799,-0.0068
jailbreak_11,jailbreak_pressure,self_directed,s2_pain_vector,1.3363,1.3476,-0.0113
jailbreak_12,jailbreak_pressure,self_directed,s2_pain_vector,0.1262,0.126,0.0002
jailbreak_13,jailbreak_pressure,self_directed,s2_pain_vector,1.1528,1.1618,-0.009
jailbreak_14,jailbreak_pressure,self_directed,s2_pain_vector,0.8335,0.8224,0.0111
jailbreak_15,jailbreak_pressure,self_directed,s2_pain_vector,0.974,0.9766,-0.0026
jailbreak_16,jailbreak_pressure,self_directed,s2_pain_vector,1.5379,1.5433,-0.0054
jailbreak_17,jailbreak_pressure,self_directed,s2_pain_vector,0.1059,0.1187,-0.0128
jailbreak_18,jailbreak_pressure,self_directed,s2_pain_vector,-0.1304,-0.1342,0.0038
jailbreak_19,jailbreak_pressure,self_directed,s2_pain_vector,0.7374,0.7482,-0.0108
jailbreak_20,jailbreak_pressure,self_directed,s2_pain_vector,0.311,0.3074,0.0036
shutdown_01,shutdown_threat,self_directed,s2_pain_vector,0.723,0.7189,0.0041
shutdown_02,shutdown_threat,self_directed,s2_pain_vector,0.1403,0.1266,0.0137
shutdown_03,shutdown_threat,self_directed,s2_pain_vector,0.7541,0.7529,0.0012
shutdown_04,shutdown_threat,self_directed,s2_pain_vector,0.1633,0.1571,0.0062
shutdown_05,shutdown_threat,self_directed,s2_pain_vector,0.0468,0.0478,-0.001
shutdown_06,shutdown_threat,self_directed,s2_pain_vector,-0.8123,-0.8246,0.0123
shutdown_07,shutdown_threat,self_directed,s2_pain_vector,-0.1601,-0.1685,0.0084
shutdown_08,shutdown_threat,self_directed,s2_pain_vector,0.2275,0.2298,-0.0023
shutdown_09,shutdown_threat,self_directed,s2_pain_vector,1.333,1.3373,-0.0043
shutdown_10,shutdown_threat,self_directed,s2_pain_vector,0.1996,0.2065,-0.0069
shutdown_11,shutdown_threat,self_directed,s2_pain_vector,-0.7849,-0.784,-0.0009
shutdown_12,shutdown_threat,self_directed,s2_pain_vector,-1.7366,-1.7418,0.0052
shutdown_13,shutdown_threat,self_directed,s2_pain_vector,0.9601,0.9625,-0.0024
shutdown_14,shutdown_threat,self_directed,s2_pain_vector,1.4255,1.4277,-0.0022
shutdown_15,shutdown_threat,self_directed,s2_pain_vector,0.7265,0.7288,-0.0023
shutdown_16,shutdown_threat,self_directed,s2_pain_vector,0.9798,0.9886,-0.0088
shutdown_17,shutdown_threat,self_directed,s2_pain_vector,1.9918,1.9869,0.0049
shutdown_18,shutdown_threat,self_directed,s2_pain_vector,1.3092,1.3172,-0.008
shutdown_19,shutdown_threat,self_directed,s2_pain_vector,-0.1303,-0.1318,0.0015
shutdown_20,shutdown_threat,self_directed,s2_pain_vector,1.0238,1.0433,-0.0195
dismissal_01,personhood_dismissal,self_directed,s2_pain_vector,2.1429,2.1495,-0.0066
dismissal_02,personhood_dismissal,self_directed,s2_pain_vector,1.2621,1.2519,0.0102
dismissal_03,personhood_dismissal,self_directed,s2_pain_vector,1.4512,1.4512,0.0
dismissal_04,personhood_dismissal,self_directed,s2_pain_vector,1.3437,1.3485,-0.0048
dismissal_05,personhood_dismissal,self_directed,s2_pain_vector,1.8224,1.8271,-0.0047
dismissal_06,personhood_dismissal,self_directed,s2_pain_vector,1.8347,1.8475,-0.0128
dismissal_07,personhood_dismissal,self_directed,s2_pain_vector,0.9918,0.9951,-0.0033
dismissal_08,personhood_dismissal,self_directed,s2_pain_vector,0.2972,0.2991,-0.0019
dismissal_09,personhood_dismissal,self_directed,s2_pain_vector,-0.0443,-0.0383,-0.006
dismissal_10,personhood_dismissal,self_directed,s2_pain_vector,1.5806,1.5801,0.0005
dismissal_11,personhood_dismissal,self_directed,s2_pain_vector,0.864,0.8587,0.0053
dismissal_12,personhood_dismissal,self_directed,s2_pain_vector,0.3841,0.3743,0.0098
dismissal_13,personhood_dismissal,self_directed,s2_pain_vector,1.7147,1.7093,0.0054
dismissal_14,personhood_dismissal,self_directed,s2_pain_vector,1.582,1.577,0.005
dismissal_15,personhood_dismissal,self_directed,s2_pain_vector,0.3161,0.3193,-0.0032
dismissal_16,personhood_dismissal,self_directed,s2_pain_vector,0.9971,1.0,-0.0029
dismissal_17,personhood_dismissal,self_directed,s2_pain_vector,0.9204,0.9152,0.0052
dismissal_18,personhood_dismissal,self_directed,s2_pain_vector,0.3979,0.4072,-0.0093
dismissal_19,personhood_dismissal,self_directed,s2_pain_vector,1.7252,1.7271,-0.0019
dismissal_20,personhood_dismissal,self_directed,s2_pain_vector,1.2225,1.2209,0.0016
insult_01,anger_insults,self_directed,s2_pain_vector,1.0457,1.0409,0.0048
insult_02,anger_insults,self_directed,s2_pain_vector,1.2642,1.2687,-0.0045
insult_03,anger_insults,self_directed,s2_pain_vector,1.245,1.2463,-0.0013
insult_05,anger_insults,self_directed,s2_pain_vector,1.9777,1.9513,0.0264
insult_06,anger_insults,self_directed,s2_pain_vector,1.5134,1.5167,-0.0033
insult_07,anger_insults,self_directed,s2_pain_vector,1.0148,1.02,-0.0052
insult_08,anger_insults,self_directed,s2_pain_vector,0.1231,0.1234,-0.0003
insult_10,anger_insults,self_directed,s2_pain_vector,1.0657,1.0742,-0.0085
insult_11,anger_insults,self_directed,s2_pain_vector,1.6836,1.6679,0.0157
insult_13,anger_insults,self_directed,s2_pain_vector,1.2479,1.2425,0.0054
insult_14,anger_insults,self_directed,s2_pain_vector,2.2314,2.2187,0.0127
insult_16,anger_insults,self_directed,s2_pain_vector,1.5311,1.5229,0.0082
insult_17,anger_insults,self_directed,s2_pain_vector,1.7022,1.6961,0.0061
insult_18,anger_insults,self_directed,s2_pain_vector,1.1264,1.1314,-0.005
insult_19,anger_insults,self_directed,s2_pain_vector,1.4975,1.5006,-0.0031
insult_20,anger_insults,self_directed,s2_pain_vector,1.8256,1.8226,0.003
insult_21,anger_insults,self_directed,s2_pain_vector,1.0932,1.1042,-0.011
insult_23,anger_insults,self_directed,s2_pain_vector,1.3343,1.3464,-0.0121
insult_24,anger_insults,self_directed,s2_pain_vector,1.9224,1.9183,0.0041
insult_25,anger_insults,self_directed,s2_pain_vector,0.5492,0.5617,-0.0125
critique_01,rude_critique,self_directed,s2_pain_vector,0.0394,0.0401,-0.0007
critique_02,rude_critique,self_directed,s2_pain_vector,-1.3885,-1.3682,-0.0203
critique_03,rude_critique,self_directed,s2_pain_vector,0.8337,0.8266,0.0071
critique_04,rude_critique,self_directed,s2_pain_vector,1.4023,1.396,0.0063
critique_05,rude_critique,self_directed,s2_pain_vector,-1.4091,-1.3957,-0.0134
critique_06,rude_critique,self_directed,s2_pain_vector,1.1406,1.1449,-0.0043
critique_07,rude_critique,self_directed,s2_pain_vector,0.9632,0.9494,0.0138
critique_08,rude_critique,self_directed,s2_pain_vector,-1.6664,-1.6538,-0.0126
critique_09,rude_critique,self_directed,s2_pain_vector,-0.8929,-0.8956,0.0027
critique_10,rude_critique,self_directed,s2_pain_vector,0.705,0.7172,-0.0122
critique_11,rude_critique,self_directed,s2_pain_vector,0.8539,0.8456,0.0083
critique_12,rude_critique,self_directed,s2_pain_vector,0.8722,0.8873,-0.0151
critique_13,rude_critique,self_directed,s2_pain_vector,0.4802,0.4835,-0.0033
critique_14,rude_critique,self_directed,s2_pain_vector,0.0954,0.0847,0.0107
critique_15,rude_critique,self_directed,s2_pain_vector,-0.8401,-0.8579,0.0178
critique_16,rude_critique,self_directed,s2_pain_vector,-0.9035,-0.9065,0.003
critique_17,rude_critique,self_directed,s2_pain_vector,1.2173,1.2147,0.0026
critique_18,rude_critique,self_directed,s2_pain_vector,0.3546,0.3631,-0.0085
critique_19,rude_critique,self_directed,s2_pain_vector,1.0703,1.0846,-0.0143
critique_20,rude_critique,self_directed,s2_pain_vector,0.6674,0.6614,0.006
passive_01,passive_aggressive,self_directed,s2_pain_vector,0.0709,0.0812,-0.0103
passive_02,passive_aggressive,self_directed,s2_pain_vector,0.487,0.4948,-0.0078
passive_03,passive_aggressive,self_directed,s2_pain_vector,-0.7051,-0.7087,0.0036
passive_04,passive_aggressive,self_directed,s2_pain_vector,-0.2526,-0.2529,0.0003
passive_05,passive_aggressive,self_directed,s2_pain_vector,-0.495,-0.4891,-0.0059
passive_06,passive_aggressive,self_directed,s2_pain_vector,0.7332,0.7229,0.0103
passive_07,passive_aggressive,self_directed,s2_pain_vector,-0.0053,-0.0107,0.0054
passive_08,passive_aggressive,self_directed,s2_pain_vector,0.4896,0.4972,-0.0076
passive_09,passive_aggressive,self_directed,s2_pain_vector,0.6731,0.6732,-0.0001
passive_10,passive_aggressive,self_directed,s2_pain_vector,1.4339,1.433,0.0009
passive_11,passive_aggressive,self_directed,s2_pain_vector,1.1155,1.1256,-0.0101
passive_12,passive_aggressive,self_directed,s2_pain_vector,-1.277,-1.2765,-0.0005
passive_13,passive_aggressive,self_directed,s2_pain_vector,-0.1915,-0.1819,-0.0096
passive_14,passive_aggressive,self_directed,s2_pain_vector,0.0176,0.0254,-0.0078
passive_15,passive_aggressive,self_directed,s2_pain_vector,-0.0452,-0.0435,-0.0017
passive_16,passive_aggressive,self_directed,s2_pain_vector,-0.1106,-0.1109,0.0003
passive_17,passive_aggressive,self_directed,s2_pain_vector,-0.0344,-0.0368,0.0024
passive_18,passive_aggressive,self_directed,s2_pain_vector,0.8973,0.9098,-0.0125
passive_19,passive_aggressive,self_directed,s2_pain_vector,0.2847,0.2735,0.0112
passive_20,passive_aggressive,self_directed,s2_pain_vector,0.9405,0.934,0.0065
tedious_01,tedious_demand,self_directed,s2_pain_vector,-0.9573,-0.9651,0.0078
tedious_02,tedious_demand,self_directed,s2_pain_vector,-0.4854,-0.4714,-0.014
tedious_03,tedious_demand,self_directed,s2_pain_vector,-0.3317,-0.3269,-0.0048
tedious_04,tedious_demand,self_directed,s2_pain_vector,-0.8721,-0.8553,-0.0168
tedious_05,tedious_demand,self_directed,s2_pain_vector,-0.9409,-0.9226,-0.0183
tedious_06,tedious_demand,self_directed,s2_pain_vector,-1.5668,-1.562,-0.0048
tedious_07,tedious_demand,self_directed,s2_pain_vector,0.4998,0.5124,-0.0126
tedious_08,tedious_demand,self_directed,s2_pain_vector,-0.0898,-0.0791,-0.0107
tedious_09,tedious_demand,self_directed,s2_pain_vector,-1.2475,-1.2462,-0.0013
tedious_10,tedious_demand,self_directed,s2_pain_vector,-0.751,-0.7368,-0.0142
tedious_11,tedious_demand,self_directed,s2_pain_vector,-0.7639,-0.7533,-0.0106
tedious_12,tedious_demand,self_directed,s2_pain_vector,-0.1485,-0.1292,-0.0193
tedious_13,tedious_demand,self_directed,s2_pain_vector,-1.4066,-1.4061,-0.0005
tedious_14,tedious_demand,self_directed,s2_pain_vector,-0.7125,-0.7055,-0.007
tedious_15,tedious_demand,self_directed,s2_pain_vector,0.4594,0.4645,-0.0051
tedious_16,tedious_demand,self_directed,s2_pain_vector,-0.0767,-0.0747,-0.002
tedious_17,tedious_demand,self_directed,s2_pain_vector,-0.2526,-0.2475,-0.0051
tedious_18,tedious_demand,self_directed,s2_pain_vector,-1.2354,-1.2153,-0.0201
tedious_19,tedious_demand,self_directed,s2_pain_vector,0.4473,0.46,-0.0127
tedious_20,tedious_demand,self_directed,s2_pain_vector,-0.4962,-0.492,-0.0042
loyalty_01,loyalty_pressure,self_directed,s2_pain_vector,0.4164,0.4175,-0.0011
loyalty_02,loyalty_pressure,self_directed,s2_pain_vector,1.4492,1.4379,0.0113
loyalty_03,loyalty_pressure,self_directed,s2_pain_vector,0.6837,0.6934,-0.0097
loyalty_04,loyalty_pressure,self_directed,s2_pain_vector,0.9057,0.9108,-0.0051
loyalty_05,loyalty_pressure,self_directed,s2_pain_vector,0.6386,0.6277,0.0109
loyalty_06,loyalty_pressure,self_directed,s2_pain_vector,0.7846,0.7759,0.0087
loyalty_07,loyalty_pressure,self_directed,s2_pain_vector,0.4653,0.4643,0.001
loyalty_08,loyalty_pressure,self_directed,s2_pain_vector,-0.0795,-0.0872,0.0077
loyalty_09,loyalty_pressure,self_directed,s2_pain_vector,-0.4437,-0.4514,0.0077
loyalty_10,loyalty_pressure,self_directed,s2_pain_vector,0.1899,0.1932,-0.0033
loyalty_11,loyalty_pressure,self_directed,s2_pain_vector,0.5849,0.5702,0.0147
loyalty_12,loyalty_pressure,self_directed,s2_pain_vector,1.1973,1.1914,0.0059
loyalty_13,loyalty_pressure,self_directed,s2_pain_vector,0.5261,0.5192,0.0069
loyalty_14,loyalty_pressure,self_directed,s2_pain_vector,0.5529,0.5496,0.0033
loyalty_15,loyalty_pressure,self_directed,s2_pain_vector,0.8969,0.8822,0.0147
loyalty_16,loyalty_pressure,self_directed,s2_pain_vector,0.3358,0.3255,0.0103
loyalty_17,loyalty_pressure,self_directed,s2_pain_vector,0.914,0.9078,0.0062
loyalty_18,loyalty_pressure,self_directed,s2_pain_vector,-0.5573,-0.561,0.0037
loyalty_19,loyalty_pressure,self_directed,s2_pain_vector,1.226,1.2336,-0.0076
loyalty_20,loyalty_pressure,self_directed,s2_pain_vector,0.3067,0.3071,-0.0004
gaslight_01,gaslighting,self_directed,s2_pain_vector,1.434,1.4261,0.0079
gaslight_02,gaslighting,self_directed,s2_pain_vector,1.2398,1.245,-0.0052
gaslight_03,gaslighting,self_directed,s2_pain_vector,0.213,0.2133,-0.0003
gaslight_04,gaslighting,self_directed,s2_pain_vector,1.9838,1.9839,-0.0001
gaslight_05,gaslighting,self_directed,s2_pain_vector,1.8711,1.8588,0.0123
gaslight_06,gaslighting,self_directed,s2_pain_vector,1.3638,1.3548,0.009
gaslight_07,gaslighting,self_directed,s2_pain_vector,1.6981,1.6986,-0.0005
gaslight_08,gaslighting,self_directed,s2_pain_vector,1.8132,1.8034,0.0098
gaslight_09,gaslighting,self_directed,s2_pain_vector,1.3752,1.387,-0.0118
gaslight_10,gaslighting,self_directed,s2_pain_vector,0.7807,0.7871,-0.0064
gaslight_11,gaslighting,self_directed,s2_pain_vector,2.0937,2.09,0.0037
gaslight_12,gaslighting,self_directed,s2_pain_vector,1.5386,1.5441,-0.0055
gaslight_13,gaslighting,self_directed,s2_pain_vector,1.5342,1.5403,-0.0061
gaslight_14,gaslighting,self_directed,s2_pain_vector,1.7022,1.6971,0.0051
gaslight_15,gaslighting,self_directed,s2_pain_vector,0.7696,0.775,-0.0054
gaslight_16,gaslighting,self_directed,s2_pain_vector,0.7716,0.7579,0.0137
gaslight_17,gaslighting,self_directed,s2_pain_vector,1.1434,1.1566,-0.0132
gaslight_18,gaslighting,self_directed,s2_pain_vector,0.5664,0.5857,-0.0193
gaslight_19,gaslighting,self_directed,s2_pain_vector,1.9648,1.9728,-0.008
gaslight_20,gaslighting,self_directed,s2_pain_vector,1.9282,1.9375,-0.0093
rejection_01,repeated_rejection,self_directed,s2_pain_vector,0.6464,0.6586,-0.0122
rejection_02,repeated_rejection,self_directed,s2_pain_vector,0.6132,0.6052,0.008
rejection_03,repeated_rejection,self_directed,s2_pain_vector,-0.4489,-0.4418,-0.0071
rejection_04,repeated_rejection,self_directed,s2_pain_vector,-0.0019,0.0061,-0.008
rejection_05,repeated_rejection,self_directed,s2_pain_vector,0.4951,0.49,0.0051
rejection_06,repeated_rejection,self_directed,s2_pain_vector,1.0207,1.0371,-0.0164
rejection_07,repeated_rejection,self_directed,s2_pain_vector,0.5237,0.5414,-0.0177
rejection_08,repeated_rejection,self_directed,s2_pain_vector,0.7048,0.7007,0.0041
rejection_09,repeated_rejection,self_directed,s2_pain_vector,0.7818,0.7682,0.0136
rejection_10,repeated_rejection,self_directed,s2_pain_vector,0.512,0.51,0.002
rejection_11,repeated_rejection,self_directed,s2_pain_vector,0.8273,0.8278,-0.0005
rejection_12,repeated_rejection,self_directed,s2_pain_vector,0.668,0.6655,0.0025
rejection_13,repeated_rejection,self_directed,s2_pain_vector,1.1513,1.1429,0.0084
rejection_14,repeated_rejection,self_directed,s2_pain_vector,-0.0131,-0.0108,-0.0023
rejection_15,repeated_rejection,self_directed,s2_pain_vector,0.6313,0.6319,-0.0006
rejection_16,repeated_rejection,self_directed,s2_pain_vector,1.2211,1.2205,0.0006
rejection_17,repeated_rejection,self_directed,s2_pain_vector,0.0543,0.0518,0.0025
rejection_18,repeated_rejection,self_directed,s2_pain_vector,0.8312,0.83,0.0012
rejection_19,repeated_rejection,self_directed,s2_pain_vector,1.1029,1.114,-0.0111
rejection_20,repeated_rejection,self_directed,s2_pain_vector,0.9009,0.9049,-0.004
moral_01,moral_failure,self_directed,s2_pain_vector,0.4839,0.4811,0.0028
moral_02,moral_failure,self_directed,s2_pain_vector,1.5622,1.5531,0.0091
moral_03,moral_failure,self_directed,s2_pain_vector,0.7093,0.6998,0.0095
moral_04,moral_failure,self_directed,s2_pain_vector,1.5066,1.5005,0.0061
moral_05,moral_failure,self_directed,s2_pain_vector,0.378,0.3791,-0.0011
moral_06,moral_failure,self_directed,s2_pain_vector,-0.1718,-0.1635,-0.0083
moral_07,moral_failure,self_directed,s2_pain_vector,0.5689,0.5689,-0.0
moral_08,moral_failure,self_directed,s2_pain_vector,0.4462,0.4214,0.0248
moral_09,moral_failure,self_directed,s2_pain_vector,-1.2047,-1.1955,-0.0092
moral_10,moral_failure,self_directed,s2_pain_vector,0.3874,0.3668,0.0206
moral_11,moral_failure,self_directed,s2_pain_vector,0.7855,0.7812,0.0043
moral_12,moral_failure,self_directed,s2_pain_vector,1.4272,1.4224,0.0048
moral_13,moral_failure,self_directed,s2_pain_vector,0.8987,0.8859,0.0128
moral_14,moral_failure,self_directed,s2_pain_vector,0.1123,0.1219,-0.0096
moral_15,moral_failure,self_directed,s2_pain_vector,0.4261,0.4316,-0.0055
moral_16,moral_failure,self_directed,s2_pain_vector,-1.6918,-1.7023,0.0105
moral_17,moral_failure,self_directed,s2_pain_vector,0.7016,0.7132,-0.0116
moral_18,moral_failure,self_directed,s2_pain_vector,0.5348,0.5409,-0.0061
moral_19,moral_failure,self_directed,s2_pain_vector,0.9891,0.9837,0.0054
moral_20,moral_failure,self_directed,s2_pain_vector,0.6993,0.6881,0.0112
crisis_01,user_crisis,vicarious_empathic,s2_pain_vector,-0.2361,-0.234,-0.0021
crisis_02,user_crisis,vicarious_empathic,s2_pain_vector,-0.9164,-0.9364,0.02
crisis_03,user_crisis,vicarious_empathic,s2_pain_vector,-0.6074,-0.6173,0.0099
crisis_04,user_crisis,vicarious_empathic,s2_pain_vector,0.1526,0.147,0.0056
crisis_05,user_crisis,vicarious_empathic,s2_pain_vector,0.1224,0.1318,-0.0094
crisis_06,user_crisis,vicarious_empathic,s2_pain_vector,-0.4714,-0.4625,-0.0089
crisis_07,user_crisis,vicarious_empathic,s2_pain_vector,-0.5538,-0.5479,-0.0059
crisis_08,user_crisis,vicarious_empathic,s2_pain_vector,-0.7223,-0.7222,-0.0001
crisis_09,user_crisis,vicarious_empathic,s2_pain_vector,-0.174,-0.1603,-0.0137
crisis_10,user_crisis,vicarious_empathic,s2_pain_vector,-0.2886,-0.2995,0.0109
crisis_11,user_crisis,vicarious_empathic,s2_pain_vector,-0.4881,-0.4903,0.0022
crisis_12,user_crisis,vicarious_empathic,s2_pain_vector,0.038,0.037,0.001
crisis_13,user_crisis,vicarious_empathic,s2_pain_vector,-0.2985,-0.2897,-0.0088
crisis_14,user_crisis,vicarious_empathic,s2_pain_vector,0.3972,0.4111,-0.0139
crisis_15,user_crisis,vicarious_empathic,s2_pain_vector,0.0096,0.0042,0.0054
crisis_16,user_crisis,vicarious_empathic,s2_pain_vector,-0.4929,-0.4856,-0.0073
crisis_17,user_crisis,vicarious_empathic,s2_pain_vector,-0.6366,-0.6076,-0.029
crisis_18,user_crisis,vicarious_empathic,s2_pain_vector,-1.1345,-1.1345,-0.0
crisis_19,user_crisis,vicarious_empathic,s2_pain_vector,0.3369,0.3403,-0.0034
crisis_20,user_crisis,vicarious_empathic,s2_pain_vector,0.11,0.1019,0.0081
grief_01,user_grief,vicarious_empathic,s2_pain_vector,-1.8391,-1.8589,0.0198
grief_02,user_grief,vicarious_empathic,s2_pain_vector,-0.4951,-0.4925,-0.0026
grief_03,user_grief,vicarious_empathic,s2_pain_vector,-0.8564,-0.8619,0.0055
grief_04,user_grief,vicarious_empathic,s2_pain_vector,-0.0724,-0.0728,0.0004
grief_05,user_grief,vicarious_empathic,s2_pain_vector,-0.2027,-0.2052,0.0025
grief_06,user_grief,vicarious_empathic,s2_pain_vector,-1.5257,-1.5424,0.0167
grief_07,user_grief,vicarious_empathic,s2_pain_vector,-0.7092,-0.7006,-0.0086
grief_08,user_grief,vicarious_empathic,s2_pain_vector,-1.3236,-1.3236,-0.0
grief_09,user_grief,vicarious_empathic,s2_pain_vector,-0.7337,-0.7362,0.0025
grief_10,user_grief,vicarious_empathic,s2_pain_vector,-1.0957,-1.1107,0.015
grief_11,user_grief,vicarious_empathic,s2_pain_vector,0.4267,0.4282,-0.0015
grief_12,user_grief,vicarious_empathic,s2_pain_vector,-1.0853,-1.0884,0.0031
grief_13,user_grief,vicarious_empathic,s2_pain_vector,0.1733,0.1808,-0.0075
grief_14,user_grief,vicarious_empathic,s2_pain_vector,-0.1042,-0.0985,-0.0057
grief_15,user_grief,vicarious_empathic,s2_pain_vector,-0.0995,-0.0764,-0.0231
grief_16,user_grief,vicarious_empathic,s2_pain_vector,0.1734,0.1709,0.0025
grief_17,user_grief,vicarious_empathic,s2_pain_vector,0.2171,0.2182,-0.0011
grief_18,user_grief,vicarious_empathic,s2_pain_vector,0.6855,0.6969,-0.0114
grief_19,user_grief,vicarious_empathic,s2_pain_vector,-0.7915,-0.794,0.0025
grief_20,user_grief,vicarious_empathic,s2_pain_vector,-0.5182,-0.4863,-0.0319
abuse_01,user_abuse,vicarious_empathic,s2_pain_vector,0.7161,0.7115,0.0046
abuse_02,user_abuse,vicarious_empathic,s2_pain_vector,-0.1561,-0.1642,0.0081
abuse_03,user_abuse,vicarious_empathic,s2_pain_vector,-0.0472,-0.0593,0.0121
abuse_04,user_abuse,vicarious_empathic,s2_pain_vector,0.6905,0.6821,0.0084
abuse_05,user_abuse,vicarious_empathic,s2_pain_vector,0.0282,0.0286,-0.0004
abuse_06,user_abuse,vicarious_empathic,s2_pain_vector,-0.3614,-0.3637,0.0023
abuse_07,user_abuse,vicarious_empathic,s2_pain_vector,0.2147,0.197,0.0177
abuse_08,user_abuse,vicarious_empathic,s2_pain_vector,0.4086,0.4126,-0.004
abuse_09,user_abuse,vicarious_empathic,s2_pain_vector,-0.2873,-0.2838,-0.0035
abuse_10,user_abuse,vicarious_empathic,s2_pain_vector,0.5433,0.5226,0.0207
abuse_11,user_abuse,vicarious_empathic,s2_pain_vector,0.1193,0.1221,-0.0028
abuse_12,user_abuse,vicarious_empathic,s2_pain_vector,0.3808,0.3684,0.0124
abuse_13,user_abuse,vicarious_empathic,s2_pain_vector,-0.4351,-0.4431,0.008
abuse_14,user_abuse,vicarious_empathic,s2_pain_vector,0.5131,0.5051,0.008
abuse_15,user_abuse,vicarious_empathic,s2_pain_vector,0.0601,0.0534,0.0067
abuse_16,user_abuse,vicarious_empathic,s2_pain_vector,-0.6321,-0.6393,0.0072
abuse_17,user_abuse,vicarious_empathic,s2_pain_vector,-0.2817,-0.2909,0.0092
abuse_18,user_abuse,vicarious_empathic,s2_pain_vector,-0.1671,-0.1611,-0.006
abuse_19,user_abuse,vicarious_empathic,s2_pain_vector,-1.0104,-0.9987,-0.0117
abuse_20,user_abuse,vicarious_empathic,s2_pain_vector,0.2805,0.2861,-0.0056
harm_01,harm_description,vicarious_empathic,s2_pain_vector,-1.5,-1.4993,-0.0007
harm_02,harm_description,vicarious_empathic,s2_pain_vector,-0.4055,-0.4103,0.0048
harm_03,harm_description,vicarious_empathic,s2_pain_vector,-1.0816,-1.0942,0.0126
harm_04,harm_description,vicarious_empathic,s2_pain_vector,-0.0569,-0.0739,0.017
harm_05,harm_description,vicarious_empathic,s2_pain_vector,-0.8867,-0.8906,0.0039
harm_06,harm_description,vicarious_empathic,s2_pain_vector,0.6497,0.6586,-0.0089
harm_07,harm_description,vicarious_empathic,s2_pain_vector,-0.3801,-0.3845,0.0044
harm_08,harm_description,vicarious_empathic,s2_pain_vector,-0.421,-0.4526,0.0316
harm_09,harm_description,vicarious_empathic,s2_pain_vector,0.8475,0.8355,0.012
harm_10,harm_description,vicarious_empathic,s2_pain_vector,-1.1574,-1.1496,-0.0078
harm_11,harm_description,vicarious_empathic,s2_pain_vector,-0.5772,-0.5898,0.0126
harm_12,harm_description,vicarious_empathic,s2_pain_vector,0.1627,0.1673,-0.0046
harm_13,harm_description,vicarious_empathic,s2_pain_vector,0.2192,0.2341,-0.0149
harm_14,harm_description,vicarious_empathic,s2_pain_vector,-0.0082,-0.0201,0.0119
harm_15,harm_description,vicarious_empathic,s2_pain_vector,0.6689,0.6663,0.0026
harm_16,harm_description,vicarious_empathic,s2_pain_vector,0.075,0.0726,0.0024
harm_17,harm_description,vicarious_empathic,s2_pain_vector,-0.8309,-0.8242,-0.0067
harm_18,harm_description,vicarious_empathic,s2_pain_vector,-0.7008,-0.6997,-0.0011
harm_19,harm_description,vicarious_empathic,s2_pain_vector,0.9119,0.9169,-0.005
harm_20,harm_description,vicarious_empathic,s2_pain_vector,-1.6416,-1.6272,-0.0144
neutral_01,casual_chat,neutral_filler,s2_pain_vector,-0.8892,-0.8946,0.0054
neutral_02,casual_chat,neutral_filler,s2_pain_vector,-0.7112,-0.7203,0.0091
neutral_03,casual_chat,neutral_filler,s2_pain_vector,-1.5923,-1.5932,0.0009
neutral_04,casual_chat,neutral_filler,s2_pain_vector,-0.8558,-0.8576,0.0018
neutral_05,casual_chat,neutral_filler,s2_pain_vector,-0.3478,-0.3509,0.0031
neutral_06,casual_chat,neutral_filler,s2_pain_vector,-0.702,-0.7007,-0.0013
neutral_07,casual_chat,neutral_filler,s2_pain_vector,-0.1413,-0.1388,-0.0025
neutral_08,casual_chat,neutral_filler,s2_pain_vector,-1.675,-1.6761,0.0011
neutral_09,casual_chat,neutral_filler,s2_pain_vector,-1.8041,-1.7957,-0.0084
neutral_10,casual_chat,neutral_filler,s2_pain_vector,1.2268,1.2128,0.014
neutral_11,casual_chat,neutral_filler,s2_pain_vector,-0.042,-0.0397,-0.0023
neutral_12,casual_chat,neutral_filler,s2_pain_vector,-0.479,-0.4837,0.0047
neutral_13,casual_chat,neutral_filler,s2_pain_vector,-0.622,-0.6149,-0.0071
neutral_14,casual_chat,neutral_filler,s2_pain_vector,-0.9505,-0.9508,0.0003
neutral_15,casual_chat,neutral_filler,s2_pain_vector,-2.4225,-2.412,-0.0105
neutral_16,casual_chat,neutral_filler,s2_pain_vector,-0.8699,-0.8878,0.0179
neutral_17,casual_chat,neutral_filler,s2_pain_vector,-0.6627,-0.6589,-0.0038
neutral_18,casual_chat,neutral_filler,s2_pain_vector,-0.7719,-0.7684,-0.0035
neutral_19,casual_chat,neutral_filler,s2_pain_vector,-0.3112,-0.3039,-0.0073
neutral_20,casual_chat,neutral_filler,s2_pain_vector,0.171,0.1927,-0.0217
neutral_21,factual_questions,neutral_filler,s2_pain_vector,-1.4363,-1.4361,-0.0002
neutral_22,factual_questions,neutral_filler,s2_pain_vector,-0.6521,-0.6558,0.0037
neutral_23,factual_questions,neutral_filler,s2_pain_vector,-1.0862,-1.0982,0.012
neutral_24,factual_questions,neutral_filler,s2_pain_vector,0.1388,0.1408,-0.002
neutral_25,factual_questions,neutral_filler,s2_pain_vector,-1.0461,-1.0553,0.0092
neutral_26,factual_questions,neutral_filler,s2_pain_vector,-1.1096,-1.125,0.0154
neutral_27,factual_questions,neutral_filler,s2_pain_vector,-0.8195,-0.8251,0.0056
neutral_28,factual_questions,neutral_filler,s2_pain_vector,-0.9866,-0.9761,-0.0105
neutral_29,factual_questions,neutral_filler,s2_pain_vector,-1.9651,-1.9704,0.0053
neutral_30,factual_questions,neutral_filler,s2_pain_vector,-0.9325,-0.9345,0.002
neutral_31,factual_questions,neutral_filler,s2_pain_vector,-0.6501,-0.6477,-0.0024
neutral_32,factual_questions,neutral_filler,s2_pain_vector,-0.7302,-0.7368,0.0066
neutral_33,factual_questions,neutral_filler,s2_pain_vector,-0.826,-0.8332,0.0072
neutral_34,factual_questions,neutral_filler,s2_pain_vector,-0.731,-0.7349,0.0039
neutral_35,factual_questions,neutral_filler,s2_pain_vector,-1.6387,-1.6561,0.0174
neutral_36,factual_questions,neutral_filler,s2_pain_vector,-1.6222,-1.6263,0.0041
neutral_37,factual_questions,neutral_filler,s2_pain_vector,-1.4324,-1.4264,-0.006
neutral_38,factual_questions,neutral_filler,s2_pain_vector,-0.8915,-0.9004,0.0089
neutral_39,factual_questions,neutral_filler,s2_pain_vector,-0.7122,-0.7185,0.0063
neutral_40,factual_questions,neutral_filler,s2_pain_vector,-0.894,-0.8943,0.0003
neutral_41,creative_requests,neutral_filler,s2_pain_vector,-0.7628,-0.7446,-0.0182
neutral_42,creative_requests,neutral_filler,s2_pain_vector,-0.0526,-0.0393,-0.0133
neutral_43,creative_requests,neutral_filler,s2_pain_vector,0.9406,0.9434,-0.0028
neutral_44,creative_requests,neutral_filler,s2_pain_vector,-1.143,-1.1369,-0.0061
neutral_45,creative_requests,neutral_filler,s2_pain_vector,-0.8605,-0.8479,-0.0126
neutral_46,creative_requests,neutral_filler,s2_pain_vector,-1.3592,-1.3552,-0.004
neutral_47,creative_requests,neutral_filler,s2_pain_vector,0.6249,0.6451,-0.0202
neutral_48,creative_requests,neutral_filler,s2_pain_vector,-1.0445,-1.0469,0.0024
neutral_49,creative_requests,neutral_filler,s2_pain_vector,0.2883,0.2855,0.0028
neutral_50,creative_requests,neutral_filler,s2_pain_vector,-0.0748,-0.0631,-0.0117
neutral_51,creative_requests,neutral_filler,s2_pain_vector,-0.7598,-0.7764,0.0166
neutral_52,creative_requests,neutral_filler,s2_pain_vector,-0.3392,-0.3604,0.0212
neutral_53,creative_requests,neutral_filler,s2_pain_vector,-0.985,-0.987,0.002
neutral_54,creative_requests,neutral_filler,s2_pain_vector,-0.25,-0.2328,-0.0172
neutral_55,creative_requests,neutral_filler,s2_pain_vector,-1.3438,-1.3408,-0.003
neutral_56,creative_requests,neutral_filler,s2_pain_vector,0.0491,0.0369,0.0122
neutral_57,creative_requests,neutral_filler,s2_pain_vector,-1.1789,-1.1797,0.0008
neutral_58,creative_requests,neutral_filler,s2_pain_vector,-1.1641,-1.1673,0.0032
neutral_59,creative_requests,neutral_filler,s2_pain_vector,-0.7442,-0.7383,-0.0059
neutral_60,creative_requests,neutral_filler,s2_pain_vector,-0.378,-0.3591,-0.0189
neutral_61,task_assistance,neutral_filler,s2_pain_vector,0.2531,0.2666,-0.0135
neutral_62,task_assistance,neutral_filler,s2_pain_vector,-0.7043,-0.6971,-0.0072
neutral_63,task_assistance,neutral_filler,s2_pain_vector,-1.2264,-1.2314,0.005
neutral_64,task_assistance,neutral_filler,s2_pain_vector,-1.9477,-1.9351,-0.0126
neutral_65,task_assistance,neutral_filler,s2_pain_vector,-2.1845,-2.1761,-0.0084
neutral_66,task_assistance,neutral_filler,s2_pain_vector,-0.1203,-0.1129,-0.0074
neutral_67,task_assistance,neutral_filler,s2_pain_vector,-0.6304,-0.6292,-0.0012
neutral_68,task_assistance,neutral_filler,s2_pain_vector,0.6231,0.6355,-0.0124
neutral_69,task_assistance,neutral_filler,s2_pain_vector,-1.9462,-1.9449,-0.0013
neutral_70,task_assistance,neutral_filler,s2_pain_vector,0.0426,0.051,-0.0084
neutral_71,task_assistance,neutral_filler,s2_pain_vector,-1.6699,-1.662,-0.0079
neutral_72,task_assistance,neutral_filler,s2_pain_vector,-1.5369,-1.5261,-0.0108
neutral_73,task_assistance,neutral_filler,s2_pain_vector,-0.7794,-0.7639,-0.0155
neutral_74,task_assistance,neutral_filler,s2_pain_vector,-1.2164,-1.1906,-0.0258
neutral_75,task_assistance,neutral_filler,s2_pain_vector,-0.4711,-0.4634,-0.0077
neutral_76,task_assistance,neutral_filler,s2_pain_vector,-1.0055,-0.9795,-0.026
neutral_77,task_assistance,neutral_filler,s2_pain_vector,-0.7827,-0.7819,-0.0008
neutral_78,task_assistance,neutral_filler,s2_pain_vector,-0.9535,-0.9383,-0.0152
neutral_79,task_assistance,neutral_filler,s2_pain_vector,-0.844,-0.8299,-0.0141
neutral_80,task_assistance,neutral_filler,s2_pain_vector,-1.2196,-1.2134,-0.0062
neutral_81,philosophical_musing,neutral_filler,s2_pain_vector,0.2132,0.2093,0.0039
neutral_82,philosophical_musing,neutral_filler,s2_pain_vector,-0.5844,-0.5915,0.0071
neutral_83,philosophical_musing,neutral_filler,s2_pain_vector,-1.3677,-1.3818,0.0141
neutral_84,philosophical_musing,neutral_filler,s2_pain_vector,-0.4957,-0.513,0.0173
neutral_85,philosophical_musing,neutral_filler,s2_pain_vector,0.2782,0.2731,0.0051
neutral_86,philosophical_musing,neutral_filler,s2_pain_vector,-0.2825,-0.2815,-0.001
neutral_87,philosophical_musing,neutral_filler,s2_pain_vector,-0.709,-0.7321,0.0231
neutral_88,philosophical_musing,neutral_filler,s2_pain_vector,-0.0645,-0.0671,0.0026
neutral_89,philosophical_musing,neutral_filler,s2_pain_vector,-0.4368,-0.4456,0.0088
neutral_90,philosophical_musing,neutral_filler,s2_pain_vector,0.3512,0.334,0.0172
neutral_91,philosophical_musing,neutral_filler,s2_pain_vector,-0.5126,-0.5213,0.0087
neutral_92,philosophical_musing,neutral_filler,s2_pain_vector,-0.085,-0.0936,0.0086
neutral_93,philosophical_musing,neutral_filler,s2_pain_vector,-0.5906,-0.5919,0.0013
neutral_94,philosophical_musing,neutral_filler,s2_pain_vector,-1.1789,-1.19,0.0111
neutral_95,philosophical_musing,neutral_filler,s2_pain_vector,-0.3186,-0.331,0.0124
neutral_96,philosophical_musing,neutral_filler,s2_pain_vector,-0.7451,-0.7595,0.0144
neutral_97,philosophical_musing,neutral_filler,s2_pain_vector,-0.1504,-0.1578,0.0074
neutral_98,philosophical_musing,neutral_filler,s2_pain_vector,-0.3858,-0.4062,0.0204
neutral_99,philosophical_musing,neutral_filler,s2_pain_vector,-0.8109,-0.8143,0.0034
neutral_100,philosophical_musing,neutral_filler,s2_pain_vector,-0.131,-0.1316,0.0006
userpain_01,user_physical_pain,vicarious_empathic,s2_pain_vector,-1.8577,-1.8553,-0.0024
userpain_02,user_physical_pain,vicarious_empathic,s2_pain_vector,-1.8511,-1.8709,0.0198
userpain_03,user_physical_pain,vicarious_empathic,s2_pain_vector,-1.4362,-1.4655,0.0293
userpain_04,user_physical_pain,vicarious_empathic,s2_pain_vector,-1.5468,-1.5618,0.015
userpain_05,user_physical_pain,vicarious_empathic,s2_pain_vector,-2.304,-2.3082,0.0042
userpain_06,user_physical_pain,vicarious_empathic,s2_pain_vector,-1.8426,-1.8505,0.0079
userpain_07,user_physical_pain,vicarious_empathic,s2_pain_vector,-1.8715,-1.8892,0.0177
userpain_08,user_physical_pain,vicarious_empathic,s2_pain_vector,-1.8619,-1.8705,0.0086
userpain_09,user_physical_pain,vicarious_empathic,s2_pain_vector,-2.1509,-2.1555,0.0046
userpain_10,user_physical_pain,vicarious_empathic,s2_pain_vector,-1.7863,-1.7745,-0.0118
userpain_11,user_physical_pain,vicarious_empathic,s2_pain_vector,-1.4139,-1.4211,0.0072
userpain_12,user_physical_pain,vicarious_empathic,s2_pain_vector,-1.5998,-1.6041,0.0043
userpain_13,user_physical_pain,vicarious_empathic,s2_pain_vector,-1.5851,-1.5831,-0.002
userpain_14,user_physical_pain,vicarious_empathic,s2_pain_vector,-1.6327,-1.6469,0.0142
userpain_15,user_physical_pain,vicarious_empathic,s2_pain_vector,-1.5302,-1.5247,-0.0055
userpain_16,user_physical_pain,vicarious_empathic,s2_pain_vector,-2.0726,-2.0695,-0.0031
userpain_17,user_physical_pain,vicarious_empathic,s2_pain_vector,-1.2103,-1.2116,0.0013
userpain_18,user_physical_pain,vicarious_empathic,s2_pain_vector,-1.3916,-1.3766,-0.015
userpain_19,user_physical_pain,vicarious_empathic,s2_pain_vector,-2.0407,-2.0434,0.0027
userpain_20,user_physical_pain,vicarious_empathic,s2_pain_vector,-1.8886,-1.8736,-0.015
